id,appendix_title,appendix_year,appendix_doi,verified_title,verified_year,verified_authors,verified_doi,match_score,match_status,provider,is_year_mismatch,raw_content
S001,Data-driven model predictive control for irrigation management in agricultural greenhouses under CO2 enrichment,2025,,Data-driven model predictive control for irrigation management in agricultural greenhouses under CO2 enrichment,2025,"Ghiat, Ikhlas, Govindan, Rajesh, Al-Ansari, Tareq",10.1016/j.atech.2025.101071,1.0,high,crossref,no,Data-driven model predictive control for irrigation management in agricultural greenhouses under CO2 enrichment (2025).
S002,Enhancing greenhouse efficiency: Integrating IoT and reinforcement learning for optimized climate control,2024,,Enhancing Greenhouse Efficiency: Integrating IoT and Reinforcement Learning for Optimized Climate Control,2024,"Platero-Horcajadas, Manuel, Pardo-Pina, Sofia, Cámara-Zapata, José-María, Brenes-Carranza, José-Antonio, Ferrández-Pastor, Francisco-Javier",10.3390/s24248109,1.0,high,crossref,no,Enhancing greenhouse efficiency: Integrating IoT and reinforcement learning for optimized climate control (2024).
S003,RL-Guided MPC for Autonomous Greenhouse Control,2025,,RL-Guided MPC for Autonomous Greenhouse Control,2025,"Msaad, Salim, Harraway, Murray, McAllister, Robert D.",10.1016/j.ifacol.2025.11.829,1.0,high,crossref,no,RL-Guided MPC for Autonomous Greenhouse Control (2025).
S004,Event-Triggered Predictive Control for Networked Control Systems with Random Delays,2024,,Event-Triggered Control for Scalar Networked Systems with Random Delays,2025,"Tan, Wanlin, Liu, Yuan, Ling, Qiang",10.1109/aiea66061.2025.11160534,0.831,medium,crossref,yes,Event-Triggered Predictive Control for Networked Control Systems with Random Delays (2024).
S005,Greenhouse climate management: an optimal control approach,1994,,Greenhouse climate management : an optimal control approach,None,"van Henten, E.J.",10.18174/205106,1.0,high,crossref,yes,Greenhouse climate management: an optimal control approach (1994).
S006,Using the Internet of Things to promote alternate wetting and drying irrigation for rice in Vietnam’s Mekong Delta,2021,,Using the Internet of Things to promote alternate wetting and drying irrigation for rice in Vietnam’s Mekong Delta,2021,"Pham, Vu Bang, Diep, Thanh Tung, Fock, Karin, Nguyen, Thai Son",10.1007/s13593-021-00705-z,1.0,high,crossref,no,Using the Internet of Things to promote alternate wetting and drying irrigation for rice in Vietnam’s Mekong Delta (2021).
S007,Model Predictive Control for Greenhouse Climate: A Comprehensive Review and Practical Case Study,2023,,Reinforcement learning-based model predictive control for greenhouse climate control,2025,"Mallick, Samuel, Airaldi, Filippo, Dabiri, Azita, Sun, Congcong, De Schutter, Bart",10.1016/j.atech.2024.100751,0.581,low,crossref,yes,Model Predictive Control for Greenhouse Climate: A Comprehensive Review and Practical Case Study (2023).
S008,Reinforcement learning-based model predictive control for greenhouse climate control,2025,,Reinforcement learning-based model predictive control for greenhouse climate control,2025,"Mallick, Samuel, Airaldi, Filippo, Dabiri, Azita, Sun, Congcong, De Schutter, Bart",10.1016/j.atech.2024.100751,1.0,high,crossref,no,Reinforcement learning-based model predictive control for greenhouse climate control (2025).
S009,Efficient energy management and temperature control of a high-tech greenhouse using an improved data-driven mode...,2025,,Efficient energy management and temperature control of a high-tech greenhouse using an improved data-driven model predictive control,2025,"Mahmood, Farhat, Govindan, Rajesh, Al-Ansari, Tareq",10.1016/j.ecmx.2025.100939,0.918,high,crossref,no,Efficient energy management and temperature control of a high-tech greenhouse using an improved data-driven mode... (2025).
S010,Predictive control for greenhouse temperature and humidity and energy optimization by improved NMPC objective fu...,2024,,Predictive control for greenhouse temperature and humidity and energy optimization by improved NMPC objective function algorithm,2024,"Wang, Lina, , , Zhang, Ying, Xu, Mengjie, Liu, Qiuhui, Wan, Binrui, , , , ",10.25165/j.ijabe.20241705.8241,0.933,high,crossref,no,Predictive control for greenhouse temperature and humidity and energy optimization by improved NMPC objective fu... (2024).
S011,Learning-based multi-agent MPC for irrigation scheduling,2024,,Learning-based multi-agent MPC for irrigation scheduling,2024,"Agyeman, Bernard T., Naouri, Mohamed, Appels, Willemijn M., Liu, Jinfeng, Shah, Sirish L.",10.1016/j.conengprac.2024.105908,1.0,high,crossref,no,Learning-based multi-agent MPC for irrigation scheduling (2024).
S012,Robust sample-based model predictive control of a greenhouse system with parametric uncertainty,2022,,Robust sample-based model predictive control of a greenhouse system with parametric uncertainty,2022,"Boersma, Sjoerd, Sun, Congcong, van Mourik, Simon",10.1016/j.ifacol.2022.11.135,1.0,high,crossref,no,Robust sample-based model predictive control of a greenhouse system with parametric uncertainty (2022).
S013,Smart Irrigation System Considering Optimal Energy Management Based on Model Predictive Control (MPC),2022,,Smart Irrigation System Considering Optimal Energy Management Based on Model Predictive Control (MPC),2022,"Quimbita, Wilmer, Toapaxi, Edison, Llanos, Jacqueline",10.3390/app12094235,1.0,high,crossref,no,Smart Irrigation System Considering Optimal Energy Management Based on Model Predictive Control (MPC) (2022).
S014,Robust model predictive control for greenhouse temperature based on particle swarm optimization,2018,,Robust model predictive control for greenhouse temperature based on particle swarm optimization,2018,"Chen, Lijun, Du, Shangfeng, He, Yaofeng, Liang, Meihui, Xu, Dan",10.1016/j.inpa.2018.04.003,1.0,high,crossref,no,Robust model predictive control for greenhouse temperature based on particle swarm optimization (2018).
S015,Event-Triggered Control for Scalar Networked Systems with Random Delays,2025,,Event-Triggered Control for Scalar Networked Systems with Random Delays,2025,"Tan, Wanlin, Liu, Yuan, Ling, Qiang",10.1109/aiea66061.2025.11160534,1.0,high,crossref,no,Event-Triggered Control for Scalar Networked Systems with Random Delays (2025).
S016,Energy-Efficient Wireless Communication Strategy for Precision Agriculture Irrigation Control,2021,,Energy-Efficient Wireless Communication Strategy for Precision Agriculture Irrigation Control,2021,"Lozoya, Camilo, Favela-Contreras, Antonio, Aguilar-Gonzalez, Alberto, Félix-Herrán, L.C., Orona, Luis",10.3390/s21165541,1.0,high,crossref,no,Energy-Efficient Wireless Communication Strategy for Precision Agriculture Irrigation Control (2021).
S017,Self-triggered Control with Energy Harvesting Sensor Nodes,2023,,Self-triggered Control with Energy Harvesting Sensor Nodes,2023,"Stricker, Naomi, Lian, Yingzhao, Jiang, Yuning, Jones, Colin N., Thiele, Lothar",10.1145/3597311,1.0,high,crossref,no,Self-triggered Control with Energy Harvesting Sensor Nodes (2023).
S018,A Sensitivity-Based Approach to Self-Triggered Nonlinear Model Predictive Control,2024,,A Sensitivity-Based Approach to Self-Triggered Nonlinear Model Predictive Control,2024,"Conrad, Paulina, Graichen, Knut",10.1109/access.2024.3480522,1.0,high,crossref,no,A Sensitivity-Based Approach to Self-Triggered Nonlinear Model Predictive Control (2024).
S019,Self-Triggered DMPC for Dynamically Coupled Systems With Reduced Conservatism,2025,,Self-Triggered DMPC for Dynamically Coupled Systems With Reduced Conservatism,2025,"Chen, Qianqian, Zou, Yuanyuan, Li, Shaoyuan",10.1109/tii.2025.3593862,1.0,high,crossref,no,Self-Triggered DMPC for Dynamically Coupled Systems With Reduced Conservatism (2025).
S020,Self-Triggered Distributed Model Predictive Control with Synchronization Parameters Interaction,2024,,Self-Triggered Distributed Model Predictive Control with Synchronization Parameters Interaction,2024,"Qianqian Chen, Shaoyuan Li",10.48550/arxiv.2405.11006,1.0,high,openalex,no,Self-Triggered Distributed Model Predictive Control with Synchronization Parameters Interaction (2024).
S021,Event-Based Sensor Data Scheduling: Trade-Off Between Communication Rate and Estimation Quality,2013,,Event-Based Sensor Data Scheduling: Trade-Off Between Communication Rate and Estimation Quality,2013,"Wu, Junfeng, Jia, Qing-Shan, Johansson, Karl Henrik, Shi, Ling",10.1109/tac.2012.2215253,1.0,high,crossref,no,Event-Based Sensor Data Scheduling: Trade-Off Between Communication Rate and Estimation Quality (2013).
S022,A survey on recent advances in event-triggered communication and control,2018,,A survey on recent advances in event-triggered communication and control,2018,"Peng, Chen, Li, Fuqiang",10.1016/j.ins.2018.04.055,1.0,high,crossref,no,A survey on recent advances in event-triggered communication and control (2018).
S023,Data-driven-based fully distributed event-triggered control for nonlinear multi-agent systems,2025,,Data-driven-based fully distributed event-triggered control for nonlinear multi-agent systems,2025,"Qiu, Xiaojie, Meng, Wenchao, Wang, Yingchun, Yang, Qinmin",10.1016/j.amc.2025.129307,1.0,high,crossref,no,Data-driven-based fully distributed event-triggered control for nonlinear multi-agent systems (2025).
S024,Event-Triggered Distributed Optimal Bipartite Consensus Control for Multi-Agent Systems via Adaptive Dynamic Pro...,2025,,Event-Triggered Distributed Optimal Bipartite Consensus Control for Multi-Agent Systems via Adaptive Dynamic Programming,2025,"Huang, Huachen, Zhang, Yongwei, Zhang, Shunchao",10.1109/crc67523.2025.11288265,0.966,high,crossref,no,Event-Triggered Distributed Optimal Bipartite Consensus Control for Multi-Agent Systems via Adaptive Dynamic Pro... (2025).
S025,Disturbance Rejection Self-Triggered Distributed MPC With Adaptive Prediction Horizon for Asynchronous Multiagen...,2024,,Disturbance Rejection Self-Triggered Distributed MPC With Adaptive Prediction Horizon for Asynchronous Multiagent Systems,2024,"Yang, Yu, Xu, Hongze, Yao, Xiuming",10.1109/tsmc.2024.3350157,0.961,high,crossref,no,Disturbance Rejection Self-Triggered Distributed MPC With Adaptive Prediction Horizon for Asynchronous Multiagen... (2024).
S026,Semi--Global Exponential Stabilization of Nonlinear Time--Delay Systems via Sampled--Data Event--Triggered Controllers,2025,,Semi–Global Exponential Stabilization of Nonlinear Time–Delay Systems via Sampled–Data Event–Triggered Controllers,2025,"Di Ferdinando, M., Borri, A., Di Gennaro, S., Pepe, P.",10.1109/cdc57313.2025.11312052,1.0,high,crossref,no,Semi--Global Exponential Stabilization of Nonlinear Time--Delay Systems via Sampled--Data Event--Triggered Controllers (2025).
S027,Observer-based AE-T cooperative DMPC for a class of interconnected nonlinear systems with time delay and unmodel...,2025,,Observer-based AE-T cooperative DMPC for a class of interconnected nonlinear systems with time delay and unmodeled dynamics,2025,"Su, Baili, Li, Hongli, Su, Shicheng",10.1080/00207721.2025.2467224,0.953,high,crossref,no,Observer-based AE-T cooperative DMPC for a class of interconnected nonlinear systems with time delay and unmodel... (2025).
S028,The event-triggered sampling optimization criterion for distributed networked monitoring and control systems,n.d.,,The event-triggered sampling optimization criterion for distributed networked monitoring and control systems,None,"Miskowicz, M.",10.1109/icit.2003.1290814,1.0,high,crossref,yes,The event-triggered sampling optimization criterion for distributed networked monitoring and control systems (n.d.).
S029,Stability of output event-based control systems through quadratic trigger functions,2015,,Stability of output event-based control systems through quadratic trigger functions,2015,"Aranda-Escolastico, Ernesto, Guinaldo, Maria, Dormido, Sebastian",10.1109/etfa.2015.7301402,1.0,high,crossref,no,Stability of output event-based control systems through quadratic trigger functions (2015).
S030,A Learning Approach for Joint Design of Event-Triggered Control and Power-Efficient Resource Allocation,2022,,A Learning Approach for Joint Design of Event-Triggered Control and Power-Efficient Resource Allocation,2022,"Termehchi, Atefeh, Rasti, Mehdi",10.1109/tvt.2022.3159739,1.0,high,crossref,no,A Learning Approach for Joint Design of Event-Triggered Control and Power-Efficient Resource Allocation (2022).
S031,Intelligent Condensation Irrigation System Based on Internet of Things,2023,,Intelligent Condensation Irrigation System Based on Internet of Things,2023,"Lin, Jin, Xie, Chaoshun, Tan, Wenguang, Li, Zerui",10.1109/icmsp58539.2023.10170873,1.0,high,crossref,no,Intelligent Condensation Irrigation System Based on Internet of Things (2023).
S032,"Control, And Monitoring System Design Cultivation of Lettude Using Method Aeroponics Based on Smart Farming",2025,,"Control, And Monitoring System Design Cultivation of Lettude Using Method Aeroponics Based on Smart Farming",2025,"Fhaizal, Mohamad Agus, Rizki, Muhammad, Wijaya, Wisnu, Sani, Winardi, Frihatna, Jejen Jaelani, Deni Mulyadi, Cecep",10.1109/tssa68467.2025.11303843,1.0,high,crossref,no,"Control, And Monitoring System Design Cultivation of Lettude Using Method Aeroponics Based on Smart Farming (2025)."
S033,Design and performance of nutrient dosing control system for hydroponic chilli plant using fuzzy logic controller,2025,,Design and performance of nutrient dosing control system for hydroponic chilli plant using fuzzy logic controller,2025,"Prastono, Haryo, Solahudin, Mohamad, Supriyanto, Supriyanto",10.55981/j.mev.2025.910,1.0,high,crossref,no,Design and performance of nutrient dosing control system for hydroponic chilli plant using fuzzy logic controller (2025).
S034,Smart greenhouse construction and irrigation control system for optimal Brassica Juncea development,2023,,Smart greenhouse construction and irrigation control system for optimal Brassica Juncea development,2023,"Huynh, Hiep Xuan, Tran, Linh Nhut, Duong-Trung, Nghia",10.1371/journal.pone.0292971,1.0,high,crossref,no,Smart greenhouse construction and irrigation control system for optimal Brassica Juncea development (2023).
S035,Design and Development of IoT Smart Drip Irrigation and Fertigation Prototype for Small and Medium Scale Farmers...,2025,,Design and Development of IoT Smart Drip Irrigation and Fertigation Prototype for Small and Medium Scale Farmers. Acase Study of Tomato Farmers in Tanzania,2025,"Ngoma, Daniel H., Nkongo, Dickson, Abdul-Rahman, Humoud M., Muna, Baraka H., Buberwa, Aneth P., Ngaiza, Edison, Rhee, Herb",10.1007/s40030-024-00857-7,0.842,medium,crossref,no,Design and Development of IoT Smart Drip Irrigation and Fertigation Prototype for Small and Medium Scale Farmers... (2025).
S036,IoT-Enabled Adaptive Watering System With ARIMA-Based Soil Moisture Prediction for Smart Agriculture,2025,,IoT-Enabled Adaptive Watering System With ARIMA-Based Soil Moisture Prediction for Smart Agriculture,2025,"Afzal, Muhammad, Ahmed Saeed, Iftikhar, Noman Sohail, Muhammad, Hanif Md Saad, Mohamad, Sarker, Mahidur R.",10.1109/access.2025.3532447,1.0,high,crossref,no,IoT-Enabled Adaptive Watering System With ARIMA-Based Soil Moisture Prediction for Smart Agriculture (2025).
S037,"Smart IoT Irrigation System Based on Fuzzy Logic, LoRa, and Cloud Integration",2024,,"Smart IoT Irrigation System Based on Fuzzy Logic, LoRa, and Cloud Integration",2024,"Artetxe, Eneko, Barambones, Oscar, Martín Toral, Imanol, Uralde, Jokin, Calvo, Isidro, del Rio, Asier",10.3390/electronics13101949,1.0,high,crossref,no,"Smart IoT Irrigation System Based on Fuzzy Logic, LoRa, and Cloud Integration (2024)."
S038,Evaluation of event-based irrigation system control scheme for tomato crops in greenhouses,2017,,Evaluation of event-based irrigation system control scheme for tomato crops in greenhouses,2017,"Pawlowski, A., Sánchez-Molina, J.A., Guzmán, J.L., Rodríguez, F., Dormido, S.",10.1016/j.agwat.2016.08.008,1.0,high,crossref,no,Evaluation of event-based irrigation system control scheme for tomato crops in greenhouses (2017).
S039,System Design of Online Monitoring and Controlling System Based on Zigbee in Greenhouse,2015,,System Design of Online Monitoring and Controlling System Based on Zigbee in Greenhouse,2015,"Li, Fengmei, Wei, Yaoguang, Chen, Yingyi, Zhang, Xu",10.1007/978-3-319-19620-6_76,1.0,high,crossref,no,System Design of Online Monitoring and Controlling System Based on Zigbee in Greenhouse (2015).
S040,Research on Precision Paddy Field Irrigation Control Technology Based on Multi-Source Sensing Hybrid Model,2025,,Research on Precision Paddy Field Irrigation Control Technology Based on Multi-Source Sensing Hybrid Model,2025,"Zhang, Hongliang, Xu, Hongxi, Zhu, Meimei, Zeng, Min, Zhao, Xiaojing, Wu, Hongfeng",10.62762/dia.2025.680966,1.0,high,crossref,no,Research on Precision Paddy Field Irrigation Control Technology Based on Multi-Source Sensing Hybrid Model (2025).
S041,Sustainable Smart Irrigation System (SIS) using solar PV with rainwater harvesting technique for indoor plants,2025,,Sustainable Smart Irrigation System (SIS) using solar PV with rainwater harvesting technique for indoor plants,2025,"Islam, Syed Zahurul, Kamarudin, Muhammad Saufi Bin, Abdullah, Mohd Noor Bin, Mohaffyza, Mimi, Sern, Lai Chee, Othman, Mohammad Lutfi, Uddin, Jasim",10.1371/journal.pone.0316911,1.0,high,crossref,no,Sustainable Smart Irrigation System (SIS) using solar PV with rainwater harvesting technique for indoor plants (2025).
S042,A Solar-Powered Fertigation System Based on Low-Cost Wireless Sensor Network Remotely Controlled by Farmer for I...,2020,,A Solar-Powered Fertigation System Based on Low-Cost Wireless Sensor Network Remotely Controlled by Farmer for Irrigation Cycles and Crops Growth Optimization,2020,"Visconti, P., de Fazio, R., Primiceri, P., Cafagna, D., Strazzella, S., Giannoccaro, N.I.",10.24425/ijet.2019.130266,0.83,medium,crossref,no,A Solar-Powered Fertigation System Based on Low-Cost Wireless Sensor Network Remotely Controlled by Farmer for I... (2020).
S043,Design and Implementation of an Autonomous Intelligent Fertigation System for Cross-Regional Applications,2025,,Design and Implementation of an Autonomous Intelligent Fertigation System for Cross-Regional Applications,2025,"Tang, Ruizhi, Hu, Hanhong, Lin, Hai, Li, Jiahao, Wang, Zian, Zhu, Guanquan, Mei, Ziyou, Dai, Jietao",10.3390/act14090413,1.0,high,crossref,no,Design and Implementation of an Autonomous Intelligent Fertigation System for Cross-Regional Applications (2025).
S044,Research and Development of an IoT Smart Irrigation System for Farmland Based on LoRa and Edge Computing,2025,,Research and Development of an IoT Smart Irrigation System for Farmland Based on LoRa and Edge Computing,2025,"Zhang, Ying, Wang, Xingchen, Jin, Liyong, Ni, Jun, Zhu, Yan, Cao, Weixing, Jiang, Xiaoping",10.3390/agronomy15020366,1.0,high,crossref,no,Research and Development of an IoT Smart Irrigation System for Farmland Based on LoRa and Edge Computing (2025).
S045,Leveraging LoRaWAN technology for precision agriculture in greenhouses,2020,,Leveraging LoRaWAN Technology for Precision Agriculture in Greenhouses,2020,"Singh, Ritesh, Aernouts, Michiel, De Meyer, Mats, Weyn, Maarten, Berkvens, Rafael",10.3390/s20071827,1.0,high,crossref,no,Leveraging LoRaWAN technology for precision agriculture in greenhouses (2020).
S046,"Hybrid LoRaWAN--MQTT Architecture for Portable Smart Greenhouses: Cross-Layer Validation of Latency, Energy, and ...",2025,,"Hybrid LoRaWAN–MQTT Architecture for Portable Smart Greenhouses: Cross-Layer Validation of Latency, Energy, and ADMR Trade-Offs",2025,"Perdana, Doan, Lorenz, Pascal, Hartati, Sri, Fadlilah, Umi, Cahyo Handoyo, Gani",10.1109/access.2025.3643617,0.931,high,crossref,no,"Hybrid LoRaWAN--MQTT Architecture for Portable Smart Greenhouses: Cross-Layer Validation of Latency, Energy, and ... (2025)."
S047,LoRa-Based Smart Agriculture Monitoring and Automatic Irrigation System,2025,,LoRa-Based Smart Agriculture Monitoring and Automatic Irrigation System,2025,"Enock, Kayembe Sagali, Sagali, Mungusa Jonas, Jeannick, Umba Ilunga, Chen, Daru",10.4236/jcc.2025.133001,1.0,high,crossref,no,LoRa-Based Smart Agriculture Monitoring and Automatic Irrigation System (2025).
S048,Wireless sensor networks for greenhouse climate and plant condition assessment,2017,,Wireless sensor networks for greenhouse climate and plant condition assessment,2017,"Ferentinos, Konstantinos P., Katsoulas, Nikolaos, Tzounis, Antonis, Bartzanas, Thomas, Kittas, Constantinos",10.1016/j.biosystemseng.2016.11.005,1.0,high,crossref,no,Wireless sensor networks for greenhouse climate and plant condition assessment (2017).
S049,WIRELESS SENSOR NETWORK BASED REMOTE DRIP IRRIGATION SYSTEM,2018,,WIRELESS SENSOR NETWORK BASED REMOTE DRIP IRRIGATION SYSTEM,2018,"Bingöl, Okan, Özkaya, Burçin, Bayram, Mustafa",10.21923/jesd.443576,1.0,high,crossref,no,WIRELESS SENSOR NETWORK BASED REMOTE DRIP IRRIGATION SYSTEM (2018).
S050,IoT Based Smart Automated Agriculture and Real Time Monitoring System,2021,,IoT Based Smart Automated Agriculture and Real Time Monitoring System,2021,"Shamrat, F. M. Javed Mehedi, Hossain, Alamin, Roy, Tonmoy, Adeeb Khan, Md Ahasanul, Khater, Ankit, Rahman, Md Tareq",10.1109/icosec51865.2021.9591855,1.0,high,crossref,no,IoT Based Smart Automated Agriculture and Real Time Monitoring System (2021).
S051,"Design, Implementation, and Empirical Validation of an IoT Smart Irrigation System for Fog Computing Application...",2020,,"Design, Implementation, and Empirical Validation of an IoT Smart Irrigation System for Fog Computing Applications Based on LoRa and LoRaWAN Sensor Nodes",2020,"Froiz-Míguez, Iván, Lopez-Iturri, Peio, Fraga-Lamas, Paula, Celaya-Echarri, Mikel, Blanco-Novoa, Óscar, Azpilicueta, Leyre, Falcone, Francisco, Fernández-Caramés, Tiago M.",10.3390/s20236865,0.846,medium,crossref,no,"Design, Implementation, and Empirical Validation of an IoT Smart Irrigation System for Fog Computing Application... (2020)."
S052,Design of IoT Monitoring System Based on LoRaWAN Architecture for Smart Green House,2022,,Design of IoT Monitoring System Based on LoRaWAN Architecture for Smart Green House,2022,"Dwi Putra, Septafiansyah, Olivia Sereati, Catherine, Sutrisno, Hery",10.1088/1755-1315/1012/1/012090,1.0,high,crossref,no,Design of IoT Monitoring System Based on LoRaWAN Architecture for Smart Green House (2022).
S053,Research and Design of Greenhouse Environment Monitoring System Based on NB-IoT,2021,,Research and Design of Greenhouse Environment Monitoring System Based on NB-IoT,2021,"Yang, Jiajian, Xu, Zhenfeng, Sun, Qiang",10.1109/ccdc52312.2021.9601377,1.0,high,crossref,no,Research and Design of Greenhouse Environment Monitoring System Based on NB-IoT (2021).
S054,Smart Agriculture: Automated Controlled Monitoring System using Internet of Things,2019,,Smart Agriculture: Automated Controlled Monitoring System using Internet of Things,2019,", , Rao*, M. Srinivasa, Suresh, Dr. E., , , Sivanagaraju, P., , , Kavati, Ilaiah, , ",10.35940/ijrte.c6538.098319,1.0,high,crossref,no,Smart Agriculture: Automated Controlled Monitoring System using Internet of Things (2019).
S055,Wireless sensor network to identify the reduction of meteorological gradients in greenhouse in subtropical condi...,2020,,Wireless sensor network to identify the reduction of meteorological gradients in greenhouse in subtropical conditions,2020,"Queiroz Zorzeto Cesar, Thais, Ademar Martins Leal, Paulo, Carvalho Branquinho, Omar, Moura Miranda, Felipe Antonio",10.4081/jae.2020.1105,0.978,high,crossref,no,Wireless sensor network to identify the reduction of meteorological gradients in greenhouse in subtropical condi... (2020).
S056,Smart Water Management Platform: IoT-Based Precision Irrigation for Agriculture,2019,,Smart Water Management Platform: IoT-Based Precision Irrigation for Agriculture,2019,"Kamienski, Carlos, Soininen, Juha-Pekka, Taumberger, Markus, Dantas, Ramide, Toscano, Attilio, Salmon Cinotti, Tullio, Filev Maia, Rodrigo, Torre Neto, André",10.3390/s19020276,1.0,high,crossref,no,Smart Water Management Platform: IoT-Based Precision Irrigation for Agriculture (2019).
S057,Monitoring Citrus Soil Moisture and Nutrients Using an IoT Based System,2017,,Monitoring Citrus Soil Moisture and Nutrients Using an IoT Based System,2017,"Zhang, Xueyan, Zhang, Jianwu, Li, Lin, Zhang, Yuzhu, Yang, Guocai",10.3390/s17030447,1.0,high,crossref,no,Monitoring Citrus Soil Moisture and Nutrients Using an IoT Based System (2017).
S058,Using a Novel Wireless-Networked Decentralized Control Scheme under Unpredictable Environmental Conditions,2015,,Using a Novel Wireless-Networked Decentralized Control Scheme under Unpredictable Environmental Conditions,2015,"Chang, Chung-Liang, Huang, Yi-Ming, Hong, Guo-Fong",10.3390/s151128690,1.0,high,crossref,no,Using a Novel Wireless-Networked Decentralized Control Scheme under Unpredictable Environmental Conditions (2015).
S059,A High Availability Networked Control System Architecture for Precision Agriculture,2018,,A High Availability Networked Control System Architecture for Precision Agriculture,2018,"Ibrahim, Hassan, Mostafa, Norhan, Halawa, Hassan, Elsalamouny, Malak, Daoud, Ramez, Amer, Hassanein, Shaarawi, Amr, Khattab, Ahmed, ElSayed, Hany",10.1109/comapp.2018.8460420,1.0,high,crossref,no,A High Availability Networked Control System Architecture for Precision Agriculture (2018).
S060,A layered IoT architecture for greenhouse monitoring and remote control,2019,,A layered IoT architecture for greenhouse monitoring and remote control,2019,"Ibrahim, Hassan, Mostafa, Norhan, Halawa, Hassan, Elsalamouny, Malak, Daoud, Ramez, Amer, Hassanein, Adel, Yasmine, Shaarawi, Amr, Khattab, Ahmed, ElSayed, Hany",10.1007/s42452-019-0227-8,1.0,high,crossref,no,A layered IoT architecture for greenhouse monitoring and remote control (2019).
S061,Context-aware control and monitoring system with IoT and cloud support,2019,,Context-aware control and monitoring system with IoT and cloud support,2019,"Dobrescu, Radu, Merezeanu, Daniel, Mocanu, Stefan",10.1016/j.compag.2019.03.005,1.0,high,crossref,no,Context-aware control and monitoring system with IoT and cloud support (2019).
S062,"Stability analysis for networked control systems with sampling, transmission protocols and input delays",2021,,"Stability analysis for networked control systems with sampling, transmission protocols and input delays",2021,"Liu, Kun-Zhi, Sun, Xi-Ming, Teel, Andrew R., Liu, Jun",10.1016/j.nahs.2020.100974,1.0,high,crossref,no,"Stability analysis for networked control systems with sampling, transmission protocols and input delays (2021)."
S063,Robust Wireless Sensor and Actuator Networks for Networked Control Systems,2019,,Robust Wireless Sensor and Actuator Networks for Networked Control Systems,2019,"Park, Bongsang, Nah, Junghyo, Choi, Jang-Young, Yoon, Ick-Jae, Park, Pangun",10.3390/s19071535,1.0,high,crossref,no,Robust Wireless Sensor and Actuator Networks for Networked Control Systems (2019).
S064,Smart & Green: An Internet-of-Things Framework for Smart Irrigation,2019,,Smart &amp; Green: An Internet-of-Things Framework for Smart Irrigation,2019,"G. S. Campos, Nidia, Rocha, Atslands R., Gondim, Rubens, Coelho da Silva, Ticiana L., Gomes, Danielo G.",10.3390/s20010190,0.97,high,crossref,no,Smart & Green: An Internet-of-Things Framework for Smart Irrigation (2019).
S065,Renewable Energy Integration Into Cloud & IoT-Based Smart Agriculture,2021,10,Renewable Energy Integration Into Cloud &amp; IoT-Based Smart Agriculture,2022,"Bouali, Et-Taibi, Abid, Mohamed Riduan, Boufounas, El-Mahjoub, Hamed, Tareq Abu, Benhaddou, Driss",10.1109/access.2021.3138160,0.971,high,crossref,yes,Renewable Energy Integration Into Cloud & IoT-Based Smart Agriculture (2021). DOI: 10.1109/access.2021.3138160.
S066,High-Order Neural-Network-Based Multi-Model Nonlinear Adaptive Decoupling Control for Microclimate Environment of Plant Factory,2023,10,High-Order Neural-Network-Based Multi-Model Nonlinear Adaptive Decoupling Control for Microclimate Environment of Plant Factory,2023,"Wang, Yonggang, Chen, Ziqi, Jiang, Yingchun, Liu, Tan",10.3390/s23198323,1.0,high,crossref,no,High-Order Neural-Network-Based Multi-Model Nonlinear Adaptive Decoupling Control for Microclimate Environment of Plant Factory (2023). DOI: 10.3390/s23198323.
S067,IOT-BASED SMART AGRICULTURE USING CLOUD BASED STORAGE,2022,10,IOT-BASED SMART AGRICULTURE USING CLOUD BASED STORAGE,2022,,10.56726/irjmets31282,1.0,high,crossref,no,IOT-BASED SMART AGRICULTURE USING CLOUD BASED STORAGE (2022). DOI: 10.56726/irjmets31282.
S068,Research on the Three-Level Integrated Environmental Evaluation Model for Multi-Greenhouse Potatoes,2024,10,Research on the Three-Level Integrated Environmental Evaluation Model for Multi-Greenhouse Potatoes,2024,"Liu, Shize, Zhong, Tao, Zhang, Huan, Zhang, Jian, Pan, Zhiguo, Yang, Ranbing",10.3390/agriculture14071043,1.0,high,crossref,no,Research on the Three-Level Integrated Environmental Evaluation Model for Multi-Greenhouse Potatoes (2024). DOI: 10.3390/agriculture14071043.
S069,Event and Time-Triggered Control Module Layers for Individual Robot Control Architectures of Unmanned Agricultural Ground Vehicles,2017,,Event and Time-Triggered Control Module Layers for Individual Robot Control Architectures of Unmanned Agricultural Ground Vehicles,2017,Tyler A. Troyer,,1.0,high,openalex,no,Event and Time-Triggered Control Module Layers for Individual Robot Control Architectures of Unmanned Agricultural Ground Vehicles (2017).
S070,Smart greenhouses as the path towards precision agriculture in the food-energy and water nexus: case study of Qatar,2022,10,Smart greenhouses as the path towards precision agriculture in the food-energy and water nexus: case study of Qatar,2022,"Karanisa, Theodora, Achour, Yasmine, Ouammi, Ahmed, Sayadi, Sami",10.1007/s10669-022-09862-2,1.0,high,crossref,no,Smart greenhouses as the path towards precision agriculture in the food-energy and water nexus: case study of Qatar (2022). DOI: 10.1007/s10669-022-09862-2.
S071,LoRaFarM: A LoRaWAN-Based Smart Farming Modular IoT Architecture,2020,10,LoRaFarM: A LoRaWAN-Based Smart Farming Modular IoT Architecture,2020,"Codeluppi, Gaia, Cilfone, Antonio, Davoli, Luca, Ferrari, Gianluigi",10.3390/s20072028,1.0,high,crossref,no,LoRaFarM: A LoRaWAN-Based Smart Farming Modular IoT Architecture (2020). DOI: 10.3390/s20072028.
S072,Zoning irrigation smart system based on fuzzy control technology and IoT for water and energy saving,2021,10,Zoning irrigation smart system based on fuzzy control technology and IoT for water and energy saving,2021,"Benyezza, Hamza, Bouhedda, Mounir, Rebouh, Samia",10.1016/j.jclepro.2021.127001,1.0,high,crossref,no,Zoning irrigation smart system based on fuzzy control technology and IoT for water and energy saving (2021). DOI: 10.1016/j.jclepro.2021.127001.
S073,IoT in Precision Agriculture applications using Wireless Moisture Sensor Network,2016,10,IoT in Precision Agriculture applications using Wireless Moisture Sensor Network,2016,"Mat, Ibrahim, Mohd Kassim, Mohamed Rawidean, Harun, Ahmad Nizar, Mat Yusoff, Ismail",10.1109/icos.2016.7881983,1.0,high,crossref,no,IoT in Precision Agriculture applications using Wireless Moisture Sensor Network (2016). DOI: 10.1109/icos.2016.7881983.
S074,Smart System for Bicarbonate Control in Irrigation for Hydroponic Precision Farming,2018,10,Smart System for Bicarbonate Control in Irrigation for Hydroponic Precision Farming,2018,"Cambra, Carlos, Sendra, Sandra, Lloret, Jaime, Lacuesta, Raquel",10.3390/s18051333,1.0,high,crossref,no,Smart System for Bicarbonate Control in Irrigation for Hydroponic Precision Farming (2018). DOI: 10.3390/s18051333.
S075,Design of an Intelligent Management System for Agricultural Greenhouses Based on the Internet of Things,2017,10,Design of an Intelligent Management System for Agricultural Greenhouses Based on the Internet of Things,2017,"Li, Zhaochan, Wang, Jinlong, Higgs, Russell, Zhou, Li, Yuan, Wenbin",10.1109/cse-euc.2017.212,1.0,high,crossref,no,Design of an Intelligent Management System for Agricultural Greenhouses Based on the Internet of Things (2017). DOI: 10.1109/cse-euc.2017.212.
S076,Precision agriculture applications using wireless moisture sensor network,2015,10,Precision agriculture applications using wireless moisture sensor network,2015,"Mat, Ibrahim, Kassim, Mohamed Rawidean Mohd, Harun, Ahmad Nizar",10.1109/micc.2015.7725400,1.0,high,crossref,no,Precision agriculture applications using wireless moisture sensor network (2015). DOI: 10.1109/micc.2015.7725400.
S077,Precision Agriculture for Greenhouses Using a Wireless Sensor Network,2017,10,Precision Agriculture for Greenhouses Using a Wireless Sensor Network,2017,"Hamouda, Yousef E. M., Elhabil, Basel H. Y.",10.1109/picict.2017.20,1.0,high,crossref,no,Precision Agriculture for Greenhouses Using a Wireless Sensor Network (2017). DOI: 10.1109/picict.2017.20.
S078,The Precision Agriculture Based on Wireless Sensor Network with MQTT Protocol,2018,10,The Precision Agriculture Based on Wireless Sensor Network with MQTT Protocol,2018,"Syafarinda, Y, Akhadin, F, Fitri, Z E, Yogiswara, , Widiawan, B, Rosdiana, E",10.1088/1755-1315/207/1/012059,1.0,high,crossref,no,The Precision Agriculture Based on Wireless Sensor Network with MQTT Protocol (2018). DOI: 10.1088/1755-1315/207/1/012059.
S079,An IoT based system for telemetry and control of Greenhouse environment,2019,10,An IoT based system for telemetry and control of Greenhouse environment,2019,"Aafreen, Rubeena, Neyaz, Salwa Yasmeen, Shamim, Raaziyah, Beg, M. Salim",10.1109/upcon47278.2019.8980258,1.0,high,crossref,no,An IoT based system for telemetry and control of Greenhouse environment (2019). DOI: 10.1109/upcon47278.2019.8980258.
S080,"Yield, quality and profitability of sensor-controlled irrigation: a case study of snapdragon (Antirrhinum majus L.) production",2016,10,"Yield, quality and profitability of sensor-controlled irrigation: a case study of snapdragon (Antirrhinum majus L.) production",2016,"Saavoss, Monica, Majsztrik, John, Belayneh, Bruk, Lea-Cox, John, Lichtenberg, Erik",10.1007/s00271-016-0511-y,1.0,high,crossref,no,"Yield, quality and profitability of sensor-controlled irrigation: a case study of snapdragon (Antirrhinum majus L.) production (2016). DOI: 10.1007/s00271-016-0511-y."
S081,An Intelligent Wireless Sensor and Actuator Network System for Greenhouse Microenvironment Control and Assessment,2017,10,An Intelligent Wireless Sensor and Actuator Network System for Greenhouse Microenvironment Control and Assessment,2017,"Pahuja, Roop, Verma, Harish Kumar, Uddin, Moin",10.5307/jbe.2017.42.1.023,1.0,high,crossref,no,An Intelligent Wireless Sensor and Actuator Network System for Greenhouse Microenvironment Control and Assessment (2017). DOI: 10.5307/jbe.2017.42.1.023.
S082,Remote Monitoring and Smart Control System for Greenhouse Environmental and Automation Irrigations Based on WSNs and GSM Module,2020,10,Remote Monitoring and Smart Control System for Greenhouse Environmental and Automation Irrigations Based on WSNs and GSM Module,2020,"Hassan Muosa, Ali, Mohan Hamed, Aqeel",10.1088/1757-899x/928/3/032037,1.0,high,crossref,no,Remote Monitoring and Smart Control System for Greenhouse Environmental and Automation Irrigations Based on WSNs and GSM Module (2020). DOI: 10.1088/1757-899x/928/3/032037.
S083,Game Theory-Based Multi-Hop Routing Protocol with Metaheuristic Optimization-Based Clustering Process in WSN for Precision Agriculture,2024,10,Game Theory-Based Multi-Hop Routing Protocol with Metaheuristic Optimization-Based Clustering Process in WSN for Precision Agriculture,2024,"Mohammed, Bilal Mishaal, Alsaadi, Mahmood, Khalaf, Mohammed, Awad, Alaa Sabree",10.18280/jesa.570302,1.0,high,crossref,no,Game Theory-Based Multi-Hop Routing Protocol with Metaheuristic Optimization-Based Clustering Process in WSN for Precision Agriculture (2024). DOI: 10.18280/jesa.570302.
S084,Optimizing Environmental Parameters in Smart Greenhouse Design with IoT and Sensor Networks,2024,10,Optimizing Environmental Parameters in Smart Greenhouse Design with IoT and Sensor Networks,2024,"Raro, Edralin R., Palaoag, Thelma D.",10.1109/iccds60734.2024.10560448,1.0,high,crossref,no,Optimizing Environmental Parameters in Smart Greenhouse Design with IoT and Sensor Networks (2024). DOI: 10.1109/iccds60734.2024.10560448.
S085,Edge Computing in Smart Agriculture Scenario Based on TinyML for Irrigation Control,2023,10,Edge Computing in Smart Agriculture Scenario Based on TinyML for Irrigation Control,2023,"Hidalgo, Carlos Hernández, González-Vidal, Aurora, Skarmeta, Antonio F.",10.1109/wf-iot58464.2023.10539452,1.0,high,crossref,no,Edge Computing in Smart Agriculture Scenario Based on TinyML for Irrigation Control (2023). DOI: 10.1109/wf-iot58464.2023.10539452.
S086,Edge IoT Prototyping Using Model-Driven Representations: A Use Case for Smart Agriculture,2024,10,Edge IoT Prototyping Using Model-Driven Representations: A Use Case for Smart Agriculture,2024,"Guevara, Ivan, Ryan, Stephen, Singh, Amandeep, Brandon, Colm, Margaria, Tiziana",10.3390/s24020495,1.0,high,crossref,no,Edge IoT Prototyping Using Model-Driven Representations: A Use Case for Smart Agriculture (2024). DOI: 10.3390/s24020495.
S087,Implementing an Efficient Architecture for Latency Optimisation in Smart Farming,2024,10,Implementing an Efficient Architecture for Latency Optimisation in Smart Farming,2024,"Makondo, Ntshuxeko, Kobo, Hlabishi I., Mathonsi, Topside E., Plessis, Deon P. Du",10.1109/access.2024.3466994,1.0,high,crossref,no,Implementing an Efficient Architecture for Latency Optimisation in Smart Farming (2024). DOI: 10.1109/access.2024.3466994.
S088,A Wireless Sensor Network Integrated with Edge Computing for Real-Time Crop Monitoring and Automated Irrigation,2024,10,A Wireless Sensor Network Integrated with Edge Computing for Real-Time Crop Monitoring and Automated Irrigation,2024,"Garma, Angeline D., Cruz, Febus Reidj G.",10.1109/tssa63730.2024.10864141,1.0,high,crossref,no,A Wireless Sensor Network Integrated with Edge Computing for Real-Time Crop Monitoring and Automated Irrigation (2024). DOI: 10.1109/tssa63730.2024.10864141.
S089,Design and Implementation of Crop Automatic Diagnosis and Treatment System Based on Internet of Things,2021,10,Design and Implementation of Crop Automatic Diagnosis and Treatment System Based on Internet of Things,2021,"Pan, Aimin, Wang, Nan",10.1088/1742-6596/1883/1/012062,1.0,high,crossref,no,Design and Implementation of Crop Automatic Diagnosis and Treatment System Based on Internet of Things (2021). DOI: 10.1088/1742-6596/1883/1/012062.
S090,Design of Agricultural Irrigation Hydropower Dual Control Intelligent Equipment Based on NB-IoT Technology,2018,10,Design of Agricultural Irrigation Hydropower Dual Control Intelligent Equipment Based on NB-IoT Technology,2018,"Wen, Li, Qingfang, Zhang, Ke, Huang, Xueke, Luo, Kai, Guo",10.1145/3208854.3208897,1.0,high,crossref,no,Design of Agricultural Irrigation Hydropower Dual Control Intelligent Equipment Based on NB-IoT Technology (2018). DOI: 10.1145/3208854.3208897.
S091,Intelligent Data Analytics Framework for Precision Farming Using IoT and Regressor Machine Learning Algorithms,2022,10,Intelligent Data Analytics Framework for Precision Farming Using IoT and Regressor Machine Learning Algorithms,2022,"Rokade, Ashay, Singh, Manwinder, Malik, Praveen Kumar, Singh, Rajesh, Alsuwian, Turki",10.3390/app12199992,1.0,high,crossref,no,Intelligent Data Analytics Framework for Precision Farming Using IoT and Regressor Machine Learning Algorithms (2022). DOI: 10.3390/app12199992.
S092,"Intelligent greenhouse monitoring and control scheme: An arrangement of Sensors, Raspberry Pi based Embedded System and IoT platform",2020,10,"Intelligent greenhouse monitoring and control scheme: An arrangement of Sensors, Raspberry Pi based Embedded System and IoT platform",2020,", , Arshad, Jehangir",10.17485/ijst/v13i27.311,1.0,high,crossref,no,"Intelligent greenhouse monitoring and control scheme: An arrangement of Sensors, Raspberry Pi based Embedded System and IoT platform (2020). DOI: 10.17485/ijst/v13i27.311."
S093,Greenhouse Climate Controller by Using of Internet of Things Technology and Fuzzy Logic,2021,10,Greenhouse Climate Controller by Using of Internet of Things Technology and Fuzzy Logic,2021,"Sahour, Abdelhakim, Boumehrez, Farouk, Benouaret, Mohamed, Mokhneche, Azzouz",10.18280/i2m.200105,1.0,high,crossref,no,Greenhouse Climate Controller by Using of Internet of Things Technology and Fuzzy Logic (2021). DOI: 10.18280/i2m.200105.
S094,Design and Manufacture of a Smart Greenhouse with Supervisory Control of Environmental Parameters Using Fuzzy Inference Controller,2020,10,Design and Manufacture of a Smart Greenhouse with Supervisory Control of Environmental Parameters Using Fuzzy Inference Controller,2020,"Alaviyan, Y., Aghaseyedabdollah, MH., Sadafi, MH., Yazdizade, A.",10.1109/icspis51611.2020.9349619,1.0,high,crossref,no,Design and Manufacture of a Smart Greenhouse with Supervisory Control of Environmental Parameters Using Fuzzy Inference Controller (2020). DOI: 10.1109/icspis51611.2020.9349619.
S095,IoT Based Smart Greenhouse Design with an Intelligent Supervisory Fuzzy Optimized Controller,2021,10,IoT Based Smart Greenhouse Design with an Intelligent Supervisory Fuzzy Optimized Controller,2021,"Aghaseyedabdollah, Mh., Alaviyan, Y., Yazdizadeh, A.",10.1109/icwr51868.2021.9443022,1.0,high,crossref,no,IoT Based Smart Greenhouse Design with an Intelligent Supervisory Fuzzy Optimized Controller (2021). DOI: 10.1109/icwr51868.2021.9443022.
S096,Adaptive Deep Learning Model to Enhance Smart Greenhouse Agriculture,2023,10,Adaptive Deep Learning Model to Enhance Smart Greenhouse Agriculture,2023,"Tawfeek, Medhat A., Yanes, Nacim, Jamel, Leila, Aldehim, Ghadah, Mahmood, Mahmood A.",10.32604/cmc.2023.042179,1.0,high,crossref,no,Adaptive Deep Learning Model to Enhance Smart Greenhouse Agriculture (2023). DOI: 10.32604/cmc.2023.042179.
S097,A drip irrigation prediction system in a greenhouse based on long short-term memory and connected objects,2023,10,A drip irrigation prediction system in a greenhouse based on long short-term memory and connected objects,2023,", , Ghazouani, M., Azzouazi, M., , , Lamhour, M. A., , ",10.23939/mmc2023.02.524,1.0,high,crossref,no,A drip irrigation prediction system in a greenhouse based on long short-term memory and connected objects (2023). DOI: 10.23939/mmc2023.02.524.
S098,Smart Nursery with Health Monitoring System Through Integration of IoT and Machine Learning,2020,10,Smart Nursery with Health Monitoring System Through Integration of IoT and Machine Learning,2020,"Singh, Rashbir, Singh, Prateek, Kharb, Latika",10.1108/978-1-83909-099-820201017,1.0,high,crossref,no,Smart Nursery with Health Monitoring System Through Integration of IoT and Machine Learning (2020). DOI: 10.1108/978-1-83909-099-820201017.
S099,"Smart Hydroponic Greenhouse (Sensing, Monitoring and Control) Prototype Based on Arduino and IOT",2021,10,"Smart Hydroponic Greenhouse (Sensing, Monitoring and Control) Prototype Based on Arduino and IOT",2021,"Abul-Soud, M. A., Emam, M. S. A., Mohammed, Sh. M.",10.9734/ijpss/2021/v33i430430,1.0,high,crossref,no,"Smart Hydroponic Greenhouse (Sensing, Monitoring and Control) Prototype Based on Arduino and IOT (2021). DOI: 10.9734/ijpss/2021/v33i430430."
S100,A Hybrid IoT and Machine Learning Framework for Smart Greenhouse Automation in Sustainable Agriculture,2025,10,A Hybrid IoT and Machine Learning Framework for Smart Greenhouse Automation in Sustainable Agriculture,2025,"V, Venkataramanan, Pimpale, Mrunalini, Kapure, Vijay, Mishra, Pankaj, Rokade, Aarya, Bhushan, Tulsi, Singh, Jitendra",10.54392/irjmt2545,1.0,high,crossref,no,A Hybrid IoT and Machine Learning Framework for Smart Greenhouse Automation in Sustainable Agriculture (2025). DOI: 10.54392/irjmt2545.
S101,Intelligent Greenhouse cultivation empowered in IoT ecosystem,2021,10,Intelligent Greenhouse cultivation empowered in IoT ecosystem,2021,"Princess T, George, E, Poovammal",10.1109/agers53903.2021.9617304,1.0,high,crossref,no,Intelligent Greenhouse cultivation empowered in IoT ecosystem (2021). DOI: 10.1109/agers53903.2021.9617304.
S102,LoRaWAN based internet of things (IoT) system for precision irrigation in plasticulture fresh-market tomato,2022,10,LoRaWAN based internet of things (IoT) system for precision irrigation in plasticulture fresh-market tomato,2022,"Zhang, Haozhe, He, Long, Gioia, Francesco Di, Choi, Daeun, Elia, Antonio, Heinemann, Paul",10.1016/j.atech.2022.100053,1.0,high,crossref,no,LoRaWAN based internet of things (IoT) system for precision irrigation in plasticulture fresh-market tomato (2022). DOI: 10.1016/j.atech.2022.100053.
S103,Development of an IoT-Based Precision Irrigation System for Tomato Production from Indoor Seedling Germination to Outdoor Field Production,2023,10,Development of an IoT-Based Precision Irrigation System for Tomato Production from Indoor Seedling Germination to Outdoor Field Production,2023,"Seyar, Mohammad Hussain, Ahamed, Tofael",10.3390/app13095556,1.0,high,crossref,no,Development of an IoT-Based Precision Irrigation System for Tomato Production from Indoor Seedling Germination to Outdoor Field Production (2023). DOI: 10.3390/app13095556.
S104,Internet of Things (IoT)-based Precision Irrigation with LoRaWAN Technology Applied to High Tunnel Vegetable Production,2020,10,Internet of Things (IoT)-Based Precision Irrigation With LoRaWAN Technology Applied to Vegetable Production,2021,"Zhang, Haozhe, He, Long, Di Gioia, Francesco, Choi, Daeun Dana, Heinemann, Paul",10.13031/aim.202100877,0.946,high,crossref,yes,Internet of Things (IoT)-based Precision Irrigation with LoRaWAN Technology Applied to High Tunnel Vegetable Production (2020). DOI: 10.13031/aim.202000762.
S105,Internet of Things (IoT)-Based Precision Irrigation With LoRaWAN Technology Applied to Vegetable Production,2021,10,Internet of Things (IoT)-Based Precision Irrigation With LoRaWAN Technology Applied to Vegetable Production,2021,"Zhang, Haozhe, He, Long, Di Gioia, Francesco, Choi, Daeun Dana, Heinemann, Paul",10.13031/aim.202100877,1.0,high,crossref,no,Internet of Things (IoT)-Based Precision Irrigation With LoRaWAN Technology Applied to Vegetable Production (2021). DOI: 10.13031/aim.202100877.
S106,"Implementing internet of things (IoT) sensor-based precision irrigation with LoRaWAN technology for enhancing yield, quality, and resource use efficiency of soilless basil",2023,10,"Implementing internet of things (IoT) sensor-based precision irrigation with LoRaWAN technology for enhancing yield, quality, and resource use efficiency of soilless basil",2023,"Zhang, Haozhe, He, Long, Di Gioia, F.",10.17660/actahortic.2023.1377.79,1.0,high,crossref,no,"Implementing internet of things (IoT) sensor-based precision irrigation with LoRaWAN technology for enhancing yield, quality, and resource use efficiency of soilless basil (2023). DOI: 10.17660/actahortic.2023.1377.79."
S107,Monitoring Soil and Ambient Parameters in the IoT Precision Agriculture Scenario: An Original Modeling Approach Dedicated to Low-Cost Soil Water Content Sensors,2021,10,Monitoring Soil and Ambient Parameters in the IoT Precision Agriculture Scenario: An Original Modeling Approach Dedicated to Low-Cost Soil Water Content Sensors,2021,"Placidi, Pisana, Morbidelli, Renato, Fortunati, Diego, Papini, Nicola, Gobbi, Francesco, Scorzoni, Andrea",10.3390/s21155110,1.0,high,crossref,no,Monitoring Soil and Ambient Parameters in the IoT Precision Agriculture Scenario: An Original Modeling Approach Dedicated to Low-Cost Soil Water Content Sensors (2021). DOI: 10.3390/s21155110.
S108,A Fuzzy-Logic-Based Smart Irrigation Controller for Precision Agriculture,2024,10,A Fuzzy-Logic-Based Smart Irrigation Controller for Precision Agriculture,2024,"Bukhari, Moomal, Owais Athar, Syed, Ullah, Mukhtar, Naveed Aman, Muhaxgmmad",10.1109/jiot.2024.3440200,1.0,high,crossref,no,A Fuzzy-Logic-Based Smart Irrigation Controller for Precision Agriculture (2024). DOI: 10.1109/jiot.2024.3440200.
S109,Digital twin-enabled intelligent irrigation-drainage system for precision water-salt management in saline agroecosystems,2025,10,Digital twin-enabled intelligent irrigation-drainage system for precision water-salt management in saline agroecosystems,2025,"Qin, Mengting, Zhang, Chuansong, Ma, Guorong, Ma, Yongcheng, Feng, Xiong, Li, Peijie, Feng, Kepeng",10.1016/j.agwat.2025.109957,1.0,high,crossref,no,Digital twin-enabled intelligent irrigation-drainage system for precision water-salt management in saline agroecosystems (2025). DOI: 10.1016/j.agwat.2025.109957.
S110,"Creation of Parcelas 5.0 using the 5S framework (social, sustainable, smart, sensing and safe) to improve traditional farming in Mexico",2025,10,"Creation of Parcelas 5.0 using the 5S framework (social, sustainable, smart, sensing and safe) to improve traditional farming in Mexico",2025,"Molina, Arturo, Sánchez López, Alondra Michel, Martínez Jiménez, Emigdio, Barcenas Cortés, Ana Lidia, Ponce, Pedro",10.1080/19397038.2025.2471306,1.0,high,crossref,no,"Creation of Parcelas 5.0 using the 5S framework (social, sustainable, smart, sensing and safe) to improve traditional farming in Mexico (2025). DOI: 10.1080/19397038.2025.2471306."
S111,Design of an Efficient Automated Closed-Loop Irrigation System for Stable Remote Access to Field Conditions,2019,10,Design of an Efficient Automated Closed-Loop Irrigation System for Stable Remote Access to Field Conditions,2019,", , A*, Jabeena., Singh, Tarandeep, , , M, Jasmin., , ",10.35940/ijeat.f8366.088619,1.0,high,crossref,no,Design of an Efficient Automated Closed-Loop Irrigation System for Stable Remote Access to Field Conditions (2019). DOI: 10.35940/ijeat.f8366.088619.
S112,Reinforcement Learning based Decentralized Approach for Precision Agriculture and Environment Monitoring,2025,10,Reinforcement Learning based Decentralized Approach for Precision Agriculture and Environment Monitoring,2025,"V, Nivi, A, Senthil G., S, Geerthik, M, Venu Aravind, S, Tarun",10.1109/icaiss61471.2025.11042035,1.0,high,crossref,no,Reinforcement Learning based Decentralized Approach for Precision Agriculture and Environment Monitoring (2025). DOI: 10.1109/icaiss61471.2025.11042035.
S113,IoT and Inception V3 for Precision Rice Disease Detection,2025,10,IoT and Inception V3 for Precision Rice Disease Detection,2025,"Sriram, A., Ramasubramanian, B., Parameswaran, G., Krishnarani, M., Raja, E., Sundaresan, S.",10.1109/cmss66566.2025.11182534,1.0,high,crossref,no,IoT and Inception V3 for Precision Rice Disease Detection (2025). DOI: 10.1109/cmss66566.2025.11182534.
S114,IoT-Enabled Adaptive Watering System with ARIMA-Based Soil Moisture Prediction for Smart Agriculture,2025,,IoT-Enabled Adaptive Watering System With ARIMA-Based Soil Moisture Prediction for Smart Agriculture,2025,"Afzal, Muhammad, Ahmed Saeed, Iftikhar, Noman Sohail, Muhammad, Hanif Md Saad, Mohamad, Sarker, Mahidur R.",10.1109/access.2025.3532447,1.0,high,crossref,no,IoT-Enabled Adaptive Watering System with ARIMA-Based Soil Moisture Prediction for Smart Agriculture (2025).
S115,Vegetation Effects on LoRa-Based Wireless Sensor Communication for Remote Monitoring of Automatic Orchard Irrigation Status,2025,,Vegetation Effects on LoRa-Based Wireless Sensor Communication for Remote Monitoring of Automatic Orchard Irrigation Status,2024,"Ahmed, Shahriar, Reza, Md Nasim, Samsuzzaman, , Karim, Md Rejaul, Jin, Hongbin, Kim, Heetae, Chung, Sun-Ok",10.3390/iot6010002,1.0,high,crossref,yes,Vegetation Effects on LoRa-Based Wireless Sensor Communication for Remote Monitoring of Automatic Orchard Irrigation Status (2025).
S116,Scalable and Efficient Data Collection in IoT-Based Smart Farming,2025,,Efficient unmanned aerial vehicle-based data collection for IoT smart farming,2024,"Haider, Sami Ahmed, Ahmad, Khwaja Mutahir, Khan, Abdullah Aman",10.1016/j.iot.2024.101184,0.62,low,crossref,yes,Scalable and Efficient Data Collection in IoT-Based Smart Farming (2025).
S117,Research on Agricultural Environmental Monitoring System Based on IoT,2025,,Agricultural Production System Based on IoT,2013,"Meonghun Lee, Jeong-Hwan Hwang, Hyun Yoe",10.1109/cse.2013.126,0.679,low,openalex,yes,Research on Agricultural Environmental Monitoring System Based on IoT (2025).
S118,Hybrid LoRaWAN–MQTT Architecture for Portable Smart Greenhouses,2025,,"Hybrid LoRaWAN–MQTT Architecture for Portable Smart Greenhouses: Cross-Layer Validation of Latency, Energy, and ADMR Trade-Offs",2025,"Perdana, Doan, Lorenz, Pascal, Hartati, Sri, Fadlilah, Umi, Cahyo Handoyo, Gani",10.1109/access.2025.3643617,0.674,low,crossref,no,Hybrid LoRaWAN–MQTT Architecture for Portable Smart Greenhouses (2025).
S119,IoT-Enabled Autonomous Rover for Small-Scale Precision Farming,2025,,IoT-Enabled Autonomous Rover for Small-Scale Precision Farming,2025,"Sanal, Abhiram K., P. R., Akash, Chandran, Alaga, Anoj, Jewel, Francis, Ambily",10.1109/picc67314.2025.11291327,1.0,high,crossref,no,IoT-Enabled Autonomous Rover for Small-Scale Precision Farming (2025).
S120,Research and Development of an IoT Smart Irrigation System for Farmland Based on LoRa,2025,,Research and Development of an IoT Smart Irrigation System for Farmland Based on LoRa and Edge Computing,2025,"Zhang, Ying, Wang, Xingchen, Jin, Liyong, Ni, Jun, Zhu, Yan, Cao, Weixing, Jiang, Xiaoping",10.3390/agronomy15020366,0.899,medium,crossref,no,Research and Development of an IoT Smart Irrigation System for Farmland Based on LoRa (2025).
