candidate_id,source_raw_id,title,year,doi,url,source_channel,query_id,fulltext_status,pdf_url,landing_url,retrieval_note,pnce_decision,pnce_evidence,manual_review_note
FT001,RAW069,Renewable Energy Integration Into Cloud &amp; IoT-Based Smart Agriculture,2021,10.1109/access.2021.3138160,https://doi.org/10.1109/access.2021.3138160,OpenAlex,Q1,pending_retrieval,,https://doi.org/10.1109/access.2021.3138160,,pending_fulltext,,"Read full text. Accept only if P: irrigation/greenhouse/agriculture plant, N: network/communication constraint, C: closed-loop/control/actuation, E: quantitative evaluation."
FT002,RAW081,High-Order Neural-Network-Based Multi-Model Nonlinear Adaptive Decoupling Control for Microclimate Environment of Plant Factory,2023,10.3390/s23198323,https://doi.org/10.3390/s23198323,OpenAlex,Q1,pending_retrieval,,https://doi.org/10.3390/s23198323,,pending_fulltext,,"Read full text. Accept only if P: irrigation/greenhouse/agriculture plant, N: network/communication constraint, C: closed-loop/control/actuation, E: quantitative evaluation."
FT003,RAW082,THE MECHANISM OF DIGITAL TRANSFORMATION OF AGRICULTURE,2023,10.12709/mest.11.11.02.09,https://doi.org/10.12709/mest.11.11.02.09,OpenAlex,Q1,pending_retrieval,,https://doi.org/10.12709/mest.11.11.02.09,,pending_fulltext,,"Read full text. Accept only if P: irrigation/greenhouse/agriculture plant, N: network/communication constraint, C: closed-loop/control/actuation, E: quantitative evaluation."
FT004,RAW083,IOT-BASED SMART AGRICULTURE USING CLOUD BASED STORAGE,2022,10.56726/irjmets31282,https://doi.org/10.56726/irjmets31282,OpenAlex,Q1,pending_retrieval,,https://doi.org/10.56726/irjmets31282,,pending_fulltext,,"Read full text. Accept only if P: irrigation/greenhouse/agriculture plant, N: network/communication constraint, C: closed-loop/control/actuation, E: quantitative evaluation."
FT005,RAW084,PLC Based Smart Irrigation System,2019,10.22214/ijraset.2019.6064,https://doi.org/10.22214/ijraset.2019.6064,OpenAlex,Q1,pending_retrieval,,https://doi.org/10.22214/ijraset.2019.6064,,pending_fulltext,,"Read full text. Accept only if P: irrigation/greenhouse/agriculture plant, N: network/communication constraint, C: closed-loop/control/actuation, E: quantitative evaluation."
FT006,RAW109,Research on the Three-Level Integrated Environmental Evaluation Model for Multi-Greenhouse Potatoes,2024,10.3390/agriculture14071043,https://doi.org/10.3390/agriculture14071043,OpenAlex,Q2,pending_retrieval,,https://doi.org/10.3390/agriculture14071043,,pending_fulltext,,"Read full text. Accept only if P: irrigation/greenhouse/agriculture plant, N: network/communication constraint, C: closed-loop/control/actuation, E: quantitative evaluation."
FT007,RAW110,Event and Time-Triggered Control Module Layers for Individual Robot Control Architectures of Unmanned Agricultural Ground Vehicles,2017,,https://openalex.org/W2774301718,OpenAlex,Q2,pending_retrieval,,https://openalex.org/W2774301718,,pending_fulltext,,"Read full text. Accept only if P: irrigation/greenhouse/agriculture plant, N: network/communication constraint, C: closed-loop/control/actuation, E: quantitative evaluation."
FT008,RAW114,Holistic Control for Cyber-Physical Systems,2021,10.7936/31bn-m317,https://doi.org/10.7936/31bn-m317,OpenAlex,Q2,pending_retrieval,,https://doi.org/10.7936/31bn-m317,,pending_fulltext,,"Read full text. Accept only if P: irrigation/greenhouse/agriculture plant, N: network/communication constraint, C: closed-loop/control/actuation, E: quantitative evaluation."
FT009,RAW116,Renewable energy-powered semi-closed greenhouse for sustainable crop production using model predictive control and machine learning for energy management,2022,10.1016/j.rser.2022.112790,https://doi.org/10.1016/j.rser.2022.112790,OpenAlex,Q3,pending_retrieval,,https://doi.org/10.1016/j.rser.2022.112790,,pending_fulltext,,"Read full text. Accept only if P: irrigation/greenhouse/agriculture plant, N: network/communication constraint, C: closed-loop/control/actuation, E: quantitative evaluation."
FT010,RAW117,A model predictive controller for precision irrigation using discrete lagurre networks,2021,10.1016/j.compag.2020.105953,https://doi.org/10.1016/j.compag.2020.105953,OpenAlex,Q3,pending_retrieval,,https://doi.org/10.1016/j.compag.2020.105953,,pending_fulltext,,"Read full text. Accept only if P: irrigation/greenhouse/agriculture plant, N: network/communication constraint, C: closed-loop/control/actuation, E: quantitative evaluation."
FT011,RAW119,Model Predictive Control Structures for Periodic ON–OFF Irrigation,2023,10.1109/access.2023.3277618,https://doi.org/10.1109/access.2023.3277618,OpenAlex,Q3,pending_retrieval,,https://doi.org/10.1109/access.2023.3277618,,pending_fulltext,,"Read full text. Accept only if P: irrigation/greenhouse/agriculture plant, N: network/communication constraint, C: closed-loop/control/actuation, E: quantitative evaluation."
FT012,RAW120,Hierarchical model predictive control for managing agricultural greenhouse systems,2022,10.1109/iai55780.2022.9976658,https://doi.org/10.1109/iai55780.2022.9976658,OpenAlex,Q3,pending_retrieval,,https://doi.org/10.1109/iai55780.2022.9976658,,pending_fulltext,,"Read full text. Accept only if P: irrigation/greenhouse/agriculture plant, N: network/communication constraint, C: closed-loop/control/actuation, E: quantitative evaluation."
FT013,RAW122,An Overview of Smart Irrigation Management for Improving Water Productivity under Climate Change in Drylands,2023,10.3390/agronomy13082113,https://doi.org/10.3390/agronomy13082113,OpenAlex,Q3,pending_retrieval,,https://doi.org/10.3390/agronomy13082113,,pending_fulltext,,"Read full text. Accept only if P: irrigation/greenhouse/agriculture plant, N: network/communication constraint, C: closed-loop/control/actuation, E: quantitative evaluation."
FT014,RAW129,Internet of Things Approaches for Monitoring and Control of Smart Greenhouses in Industry 4.0,2022,10.3390/en15103834,https://doi.org/10.3390/en15103834,OpenAlex,Q3,pending_retrieval,,https://doi.org/10.3390/en15103834,,pending_fulltext,,"Read full text. Accept only if P: irrigation/greenhouse/agriculture plant, N: network/communication constraint, C: closed-loop/control/actuation, E: quantitative evaluation."
FT015,RAW130,"Cherry Tomato Production in Intelligent Greenhouses—Sensors and AI for Control of Climate, Irrigation, Crop Yield, and Quality",2020,10.3390/s20226430,https://doi.org/10.3390/s20226430,OpenAlex,Q3,pending_retrieval,,https://doi.org/10.3390/s20226430,,pending_fulltext,,"Read full text. Accept only if P: irrigation/greenhouse/agriculture plant, N: network/communication constraint, C: closed-loop/control/actuation, E: quantitative evaluation."
FT016,RAW134,Smart greenhouses as the path towards precision agriculture in the food-energy and water nexus: case study of Qatar,2022,10.1007/s10669-022-09862-2,https://doi.org/10.1007/s10669-022-09862-2,OpenAlex,Q3,pending_retrieval,,https://doi.org/10.1007/s10669-022-09862-2,,pending_fulltext,,"Read full text. Accept only if P: irrigation/greenhouse/agriculture plant, N: network/communication constraint, C: closed-loop/control/actuation, E: quantitative evaluation."
FT017,RAW136,Agricultural Robotics,2018,10.1146/annurev-control-053018-023617,https://doi.org/10.1146/annurev-control-053018-023617,OpenAlex,Q3,pending_retrieval,,https://doi.org/10.1146/annurev-control-053018-023617,,pending_fulltext,,"Read full text. Accept only if P: irrigation/greenhouse/agriculture plant, N: network/communication constraint, C: closed-loop/control/actuation, E: quantitative evaluation."
FT018,RAW138,Sensor-Based Model Driven Control Strategy for Precision Irrigation,2016,10.1155/2016/9784071,https://doi.org/10.1155/2016/9784071,OpenAlex,Q3,pending_retrieval,,https://doi.org/10.1155/2016/9784071,,pending_fulltext,,"Read full text. Accept only if P: irrigation/greenhouse/agriculture plant, N: network/communication constraint, C: closed-loop/control/actuation, E: quantitative evaluation."
FT019,RAW139,Deployment Strategies of Soil Monitoring WSN for Precision Agriculture Irrigation Scheduling in Rural Areas,2021,10.3390/s21051693,https://doi.org/10.3390/s21051693,OpenAlex,Q3,pending_retrieval,,https://doi.org/10.3390/s21051693,,pending_fulltext,,"Read full text. Accept only if P: irrigation/greenhouse/agriculture plant, N: network/communication constraint, C: closed-loop/control/actuation, E: quantitative evaluation."
FT020,RAW152,LoRaFarM: A LoRaWAN-Based Smart Farming Modular IoT Architecture,2020,10.3390/s20072028,https://doi.org/10.3390/s20072028,OpenAlex,Q4,pending_retrieval,,https://doi.org/10.3390/s20072028,,pending_fulltext,,"Read full text. Accept only if P: irrigation/greenhouse/agriculture plant, N: network/communication constraint, C: closed-loop/control/actuation, E: quantitative evaluation."
FT021,RAW155,Energy-Efficient Edge-Fog-Cloud Architecture for IoT-Based Smart Agriculture Environment,2021,10.1109/access.2021.3101397,https://doi.org/10.1109/access.2021.3101397,OpenAlex,Q4,pending_retrieval,,https://doi.org/10.1109/access.2021.3101397,,pending_fulltext,,"Read full text. Accept only if P: irrigation/greenhouse/agriculture plant, N: network/communication constraint, C: closed-loop/control/actuation, E: quantitative evaluation."
FT022,RAW165,Zoning irrigation smart system based on fuzzy control technology and IoT for water and energy saving,2021,10.1016/j.jclepro.2021.127001,https://doi.org/10.1016/j.jclepro.2021.127001,OpenAlex,Q5,pending_retrieval,,https://doi.org/10.1016/j.jclepro.2021.127001,,pending_fulltext,,"Read full text. Accept only if P: irrigation/greenhouse/agriculture plant, N: network/communication constraint, C: closed-loop/control/actuation, E: quantitative evaluation."
FT023,RAW166,IoT in Precision Agriculture applications using Wireless Moisture Sensor Network,2016,10.1109/icos.2016.7881983,https://doi.org/10.1109/icos.2016.7881983,OpenAlex,Q5,pending_retrieval,,https://doi.org/10.1109/icos.2016.7881983,,pending_fulltext,,"Read full text. Accept only if P: irrigation/greenhouse/agriculture plant, N: network/communication constraint, C: closed-loop/control/actuation, E: quantitative evaluation."
FT024,RAW167,Smart platform based on IoT and WSN for monitoring and control of a greenhouse in the context of precision agriculture,2023,10.1016/j.iot.2023.100830,https://doi.org/10.1016/j.iot.2023.100830,OpenAlex,Q5,pending_retrieval,,https://doi.org/10.1016/j.iot.2023.100830,,pending_fulltext,,"Read full text. Accept only if P: irrigation/greenhouse/agriculture plant, N: network/communication constraint, C: closed-loop/control/actuation, E: quantitative evaluation."
FT025,RAW169,Smart System for Bicarbonate Control in Irrigation for Hydroponic Precision Farming,2018,10.3390/s18051333,https://doi.org/10.3390/s18051333,OpenAlex,Q5,pending_retrieval,,https://doi.org/10.3390/s18051333,,pending_fulltext,,"Read full text. Accept only if P: irrigation/greenhouse/agriculture plant, N: network/communication constraint, C: closed-loop/control/actuation, E: quantitative evaluation."
FT026,RAW170,Design of an Intelligent Management System for Agricultural Greenhouses Based on the Internet of Things,2017,10.1109/cse-euc.2017.212,https://doi.org/10.1109/cse-euc.2017.212,OpenAlex,Q5,pending_retrieval,,https://doi.org/10.1109/cse-euc.2017.212,,pending_fulltext,,"Read full text. Accept only if P: irrigation/greenhouse/agriculture plant, N: network/communication constraint, C: closed-loop/control/actuation, E: quantitative evaluation."
FT027,RAW171,Precision agriculture applications using wireless moisture sensor network,2015,10.1109/micc.2015.7725400,https://doi.org/10.1109/micc.2015.7725400,OpenAlex,Q5,pending_retrieval,,https://doi.org/10.1109/micc.2015.7725400,,pending_fulltext,,"Read full text. Accept only if P: irrigation/greenhouse/agriculture plant, N: network/communication constraint, C: closed-loop/control/actuation, E: quantitative evaluation."
FT028,RAW172,Precision Agriculture for Greenhouses Using a Wireless Sensor Network,2017,10.1109/picict.2017.20,https://doi.org/10.1109/picict.2017.20,OpenAlex,Q5,pending_retrieval,,https://doi.org/10.1109/picict.2017.20,,pending_fulltext,,"Read full text. Accept only if P: irrigation/greenhouse/agriculture plant, N: network/communication constraint, C: closed-loop/control/actuation, E: quantitative evaluation."
FT029,RAW173,The Precision Agriculture Based on Wireless Sensor Network with MQTT Protocol,2018,10.1088/1755-1315/207/1/012059,https://doi.org/10.1088/1755-1315/207/1/012059,OpenAlex,Q5,pending_retrieval,,https://doi.org/10.1088/1755-1315/207/1/012059,,pending_fulltext,,"Read full text. Accept only if P: irrigation/greenhouse/agriculture plant, N: network/communication constraint, C: closed-loop/control/actuation, E: quantitative evaluation."
FT030,RAW174,An IoT based system for telemetry and control of Greenhouse environment,2019,10.1109/upcon47278.2019.8980258,https://doi.org/10.1109/upcon47278.2019.8980258,OpenAlex,Q5,pending_retrieval,,https://doi.org/10.1109/upcon47278.2019.8980258,,pending_fulltext,,"Read full text. Accept only if P: irrigation/greenhouse/agriculture plant, N: network/communication constraint, C: closed-loop/control/actuation, E: quantitative evaluation."
FT031,RAW175,"Yield, quality and profitability of sensor-controlled irrigation: a case study of snapdragon (Antirrhinum majus L.) production",2016,10.1007/s00271-016-0511-y,https://doi.org/10.1007/s00271-016-0511-y,OpenAlex,Q5,pending_retrieval,,https://doi.org/10.1007/s00271-016-0511-y,,pending_fulltext,,"Read full text. Accept only if P: irrigation/greenhouse/agriculture plant, N: network/communication constraint, C: closed-loop/control/actuation, E: quantitative evaluation."
FT032,RAW176,An Intelligent Wireless Sensor and Actuator Network System for Greenhouse Microenvironment Control and Assessment,2017,10.5307/jbe.2017.42.1.023,https://doi.org/10.5307/jbe.2017.42.1.023,OpenAlex,Q5,pending_retrieval,,https://doi.org/10.5307/jbe.2017.42.1.023,,pending_fulltext,,"Read full text. Accept only if P: irrigation/greenhouse/agriculture plant, N: network/communication constraint, C: closed-loop/control/actuation, E: quantitative evaluation."
FT033,RAW177,Software Aspects of WSN for Monitoring in an Indian Greenhouse,2015,10.1109/cicn.2015.313,https://doi.org/10.1109/cicn.2015.313,OpenAlex,Q5,pending_retrieval,,https://doi.org/10.1109/cicn.2015.313,,pending_fulltext,,"Read full text. Accept only if P: irrigation/greenhouse/agriculture plant, N: network/communication constraint, C: closed-loop/control/actuation, E: quantitative evaluation."
FT034,RAW179,Remote Monitoring and Smart Control System for Greenhouse Environmental and Automation Irrigations Based on WSNs and GSM Module,2020,10.1088/1757-899x/928/3/032037,https://doi.org/10.1088/1757-899x/928/3/032037,OpenAlex,Q5,pending_retrieval,,https://doi.org/10.1088/1757-899x/928/3/032037,,pending_fulltext,,"Read full text. Accept only if P: irrigation/greenhouse/agriculture plant, N: network/communication constraint, C: closed-loop/control/actuation, E: quantitative evaluation."
FT035,RAW180,Game Theory-Based Multi-Hop Routing Protocol with Metaheuristic Optimization-Based Clustering Process in WSN for Precision Agriculture,2024,10.18280/jesa.570302,https://doi.org/10.18280/jesa.570302,OpenAlex,Q5,pending_retrieval,,https://doi.org/10.18280/jesa.570302,,pending_fulltext,,"Read full text. Accept only if P: irrigation/greenhouse/agriculture plant, N: network/communication constraint, C: closed-loop/control/actuation, E: quantitative evaluation."
FT036,RAW181,Design of Smart Irrigation System in the Greenhouse Using WSN and Renewable Energies,2023,10.1007/978-3-031-21216-1_14,https://doi.org/10.1007/978-3-031-21216-1_14,OpenAlex,Q5,pending_retrieval,,https://doi.org/10.1007/978-3-031-21216-1_14,,pending_fulltext,,"Read full text. Accept only if P: irrigation/greenhouse/agriculture plant, N: network/communication constraint, C: closed-loop/control/actuation, E: quantitative evaluation."
FT037,RAW184,Optimizing Environmental Parameters in Smart Greenhouse Design with IoT and Sensor Networks,2024,10.1109/iccds60734.2024.10560448,https://doi.org/10.1109/iccds60734.2024.10560448,OpenAlex,Q5,pending_retrieval,,https://doi.org/10.1109/iccds60734.2024.10560448,,pending_fulltext,,"Read full text. Accept only if P: irrigation/greenhouse/agriculture plant, N: network/communication constraint, C: closed-loop/control/actuation, E: quantitative evaluation."
FT038,RAW189,Monitoring Plant Growth in a Greenhouse Using IoT with the Energy-Efficient Wireless Sensor Network,2022,10.1007/978-3-031-14748-7_5,https://doi.org/10.1007/978-3-031-14748-7_5,OpenAlex,Q5,pending_retrieval,,https://doi.org/10.1007/978-3-031-14748-7_5,,pending_fulltext,,"Read full text. Accept only if P: irrigation/greenhouse/agriculture plant, N: network/communication constraint, C: closed-loop/control/actuation, E: quantitative evaluation."
FT039,RAW191,Edge Computing in Smart Agriculture Scenario Based on TinyML for Irrigation Control,2023,10.1109/wf-iot58464.2023.10539452,https://doi.org/10.1109/wf-iot58464.2023.10539452,OpenAlex,Q6,pending_retrieval,,https://doi.org/10.1109/wf-iot58464.2023.10539452,,pending_fulltext,,"Read full text. Accept only if P: irrigation/greenhouse/agriculture plant, N: network/communication constraint, C: closed-loop/control/actuation, E: quantitative evaluation."
FT040,RAW192,A Comprehensive IoT edge based smart irrigation system for tomato cultivation,2024,10.1016/j.iot.2024.101356,https://doi.org/10.1016/j.iot.2024.101356,OpenAlex,Q6,pending_retrieval,,https://doi.org/10.1016/j.iot.2024.101356,,pending_fulltext,,"Read full text. Accept only if P: irrigation/greenhouse/agriculture plant, N: network/communication constraint, C: closed-loop/control/actuation, E: quantitative evaluation."
FT041,RAW193,Edge IoT Prototyping Using Model-Driven Representations: A Use Case for Smart Agriculture,2024,10.3390/s24020495,https://doi.org/10.3390/s24020495,OpenAlex,Q6,pending_retrieval,,https://doi.org/10.3390/s24020495,,pending_fulltext,,"Read full text. Accept only if P: irrigation/greenhouse/agriculture plant, N: network/communication constraint, C: closed-loop/control/actuation, E: quantitative evaluation."
FT042,RAW195,Smart agricultural monitoring system: a practical design approach,2022,10.1145/3567445.3569165,https://doi.org/10.1145/3567445.3569165,OpenAlex,Q6,pending_retrieval,,https://doi.org/10.1145/3567445.3569165,,pending_fulltext,,"Read full text. Accept only if P: irrigation/greenhouse/agriculture plant, N: network/communication constraint, C: closed-loop/control/actuation, E: quantitative evaluation."
FT043,RAW196,Implementing an Efficient Architecture for Latency Optimisation in Smart Farming,2024,10.1109/access.2024.3466994,https://doi.org/10.1109/access.2024.3466994,OpenAlex,Q6,pending_retrieval,,https://doi.org/10.1109/access.2024.3466994,,pending_fulltext,,"Read full text. Accept only if P: irrigation/greenhouse/agriculture plant, N: network/communication constraint, C: closed-loop/control/actuation, E: quantitative evaluation."
FT044,RAW197,A Wireless Sensor Network Integrated with Edge Computing for Real-Time Crop Monitoring and Automated Irrigation,2024,10.1109/tssa63730.2024.10864141,https://doi.org/10.1109/tssa63730.2024.10864141,OpenAlex,Q6,pending_retrieval,,https://doi.org/10.1109/tssa63730.2024.10864141,,pending_fulltext,,"Read full text. Accept only if P: irrigation/greenhouse/agriculture plant, N: network/communication constraint, C: closed-loop/control/actuation, E: quantitative evaluation."
FT045,RAW207,Security and Privacy in Smart Farming: Challenges and Opportunities,2020,10.1109/access.2020.2975142,https://doi.org/10.1109/access.2020.2975142,OpenAlex,Q6,pending_retrieval,,https://doi.org/10.1109/access.2020.2975142,,pending_fulltext,,"Read full text. Accept only if P: irrigation/greenhouse/agriculture plant, N: network/communication constraint, C: closed-loop/control/actuation, E: quantitative evaluation."
FT046,RAW215,Design and Implementation of Crop Automatic Diagnosis and Treatment System Based on Internet of Things,2021,10.1088/1742-6596/1883/1/012062,https://doi.org/10.1088/1742-6596/1883/1/012062,OpenAlex,Q7,pending_retrieval,,https://doi.org/10.1088/1742-6596/1883/1/012062,,pending_fulltext,,"Read full text. Accept only if P: irrigation/greenhouse/agriculture plant, N: network/communication constraint, C: closed-loop/control/actuation, E: quantitative evaluation."
FT047,RAW216,Role of IoT in sustainable farming,2020,10.1201/b22627-8,https://doi.org/10.1201/b22627-8,OpenAlex,Q7,pending_retrieval,,https://doi.org/10.1201/b22627-8,,pending_fulltext,,"Read full text. Accept only if P: irrigation/greenhouse/agriculture plant, N: network/communication constraint, C: closed-loop/control/actuation, E: quantitative evaluation."
FT048,RAW217,Design of Agricultural Irrigation Hydropower Dual Control Intelligent Equipment Based on NB-IoT Technology,2018,10.1145/3208854.3208897,https://doi.org/10.1145/3208854.3208897,OpenAlex,Q7,pending_retrieval,,https://doi.org/10.1145/3208854.3208897,,pending_fulltext,,"Read full text. Accept only if P: irrigation/greenhouse/agriculture plant, N: network/communication constraint, C: closed-loop/control/actuation, E: quantitative evaluation."
FT049,RAW242,Intelligent Data Analytics Framework for Precision Farming Using IoT and Regressor Machine Learning Algorithms,2022,10.3390/app12199992,https://doi.org/10.3390/app12199992,OpenAlex,Q8,pending_retrieval,,https://doi.org/10.3390/app12199992,,pending_fulltext,,"Read full text. Accept only if P: irrigation/greenhouse/agriculture plant, N: network/communication constraint, C: closed-loop/control/actuation, E: quantitative evaluation."
FT050,RAW245,"Intelligent greenhouse monitoring and control scheme: An arrangement of Sensors, Raspberry Pi based Embedded System and IoT platform",2020,10.17485/ijst/v13i27.311,https://doi.org/10.17485/ijst/v13i27.311,OpenAlex,Q8,pending_retrieval,,https://doi.org/10.17485/ijst/v13i27.311,,pending_fulltext,,"Read full text. Accept only if P: irrigation/greenhouse/agriculture plant, N: network/communication constraint, C: closed-loop/control/actuation, E: quantitative evaluation."
FT051,RAW246,Greenhouse Climate Controller by Using of Internet of Things Technology and Fuzzy Logic,2021,10.18280/i2m.200105,https://doi.org/10.18280/i2m.200105,OpenAlex,Q8,pending_retrieval,,https://doi.org/10.18280/i2m.200105,,pending_fulltext,,"Read full text. Accept only if P: irrigation/greenhouse/agriculture plant, N: network/communication constraint, C: closed-loop/control/actuation, E: quantitative evaluation."
FT052,RAW248,Design and Manufacture of a Smart Greenhouse with Supervisory Control of Environmental Parameters Using Fuzzy Inference Controller,2020,10.1109/icspis51611.2020.9349619,https://doi.org/10.1109/icspis51611.2020.9349619,OpenAlex,Q8,pending_retrieval,,https://doi.org/10.1109/icspis51611.2020.9349619,,pending_fulltext,,"Read full text. Accept only if P: irrigation/greenhouse/agriculture plant, N: network/communication constraint, C: closed-loop/control/actuation, E: quantitative evaluation."
FT053,RAW249,An Integrated IoT Sensor-Camera System toward Leveraging Edge Computing for Smart Greenhouse Mushroom Cultivation,2024,10.3390/agriculture14030489,https://doi.org/10.3390/agriculture14030489,OpenAlex,Q8,pending_retrieval,,https://doi.org/10.3390/agriculture14030489,,pending_fulltext,,"Read full text. Accept only if P: irrigation/greenhouse/agriculture plant, N: network/communication constraint, C: closed-loop/control/actuation, E: quantitative evaluation."
FT054,RAW250,IoT Based Smart Greenhouse Design with an Intelligent Supervisory Fuzzy Optimized Controller,2021,10.1109/icwr51868.2021.9443022,https://doi.org/10.1109/icwr51868.2021.9443022,OpenAlex,Q8,pending_retrieval,,https://doi.org/10.1109/icwr51868.2021.9443022,,pending_fulltext,,"Read full text. Accept only if P: irrigation/greenhouse/agriculture plant, N: network/communication constraint, C: closed-loop/control/actuation, E: quantitative evaluation."
FT055,RAW251,Adaptive Deep Learning Model to Enhance Smart Greenhouse Agriculture,2023,10.32604/cmc.2023.042179,https://doi.org/10.32604/cmc.2023.042179,OpenAlex,Q8,pending_retrieval,,https://doi.org/10.32604/cmc.2023.042179,,pending_fulltext,,"Read full text. Accept only if P: irrigation/greenhouse/agriculture plant, N: network/communication constraint, C: closed-loop/control/actuation, E: quantitative evaluation."
FT056,RAW252,Smart Greenhouse Control via NB-IoT,2022,10.32604/iasc.2022.026927,https://doi.org/10.32604/iasc.2022.026927,OpenAlex,Q8,pending_retrieval,,https://doi.org/10.32604/iasc.2022.026927,,pending_fulltext,,"Read full text. Accept only if P: irrigation/greenhouse/agriculture plant, N: network/communication constraint, C: closed-loop/control/actuation, E: quantitative evaluation."
FT057,RAW254,A drip irrigation prediction system in a greenhouse based on long short-term memory and connected objects,2023,10.23939/mmc2023.02.524,https://doi.org/10.23939/mmc2023.02.524,OpenAlex,Q8,pending_retrieval,,https://doi.org/10.23939/mmc2023.02.524,,pending_fulltext,,"Read full text. Accept only if P: irrigation/greenhouse/agriculture plant, N: network/communication constraint, C: closed-loop/control/actuation, E: quantitative evaluation."
FT058,RAW257,Smart Nursery with Health Monitoring System Through Integration of IoT and Machine Learning,2020,10.1108/978-1-83909-099-820201017,https://doi.org/10.1108/978-1-83909-099-820201017,OpenAlex,Q8,pending_retrieval,,https://doi.org/10.1108/978-1-83909-099-820201017,,pending_fulltext,,"Read full text. Accept only if P: irrigation/greenhouse/agriculture plant, N: network/communication constraint, C: closed-loop/control/actuation, E: quantitative evaluation."
FT059,RAW259,"Smart Hydroponic Greenhouse (Sensing, Monitoring and Control) Prototype Based on Arduino and IOT",2021,10.9734/ijpss/2021/v33i430430,https://doi.org/10.9734/ijpss/2021/v33i430430,OpenAlex,Q8,pending_retrieval,,https://doi.org/10.9734/ijpss/2021/v33i430430,,pending_fulltext,,"Read full text. Accept only if P: irrigation/greenhouse/agriculture plant, N: network/communication constraint, C: closed-loop/control/actuation, E: quantitative evaluation."
FT060,RAW260,Developing a new IoT network topology for effective Greenhouse Monitoring and Control,2025,10.1016/j.procs.2025.07.183,https://doi.org/10.1016/j.procs.2025.07.183,OpenAlex,Q8,pending_retrieval,,https://doi.org/10.1016/j.procs.2025.07.183,,pending_fulltext,,"Read full text. Accept only if P: irrigation/greenhouse/agriculture plant, N: network/communication constraint, C: closed-loop/control/actuation, E: quantitative evaluation."
FT061,RAW261,A Hybrid IoT and Machine Learning Framework for Smart Greenhouse Automation in Sustainable Agriculture,2025,10.54392/irjmt2545,https://doi.org/10.54392/irjmt2545,OpenAlex,Q8,pending_retrieval,,https://doi.org/10.54392/irjmt2545,,pending_fulltext,,"Read full text. Accept only if P: irrigation/greenhouse/agriculture plant, N: network/communication constraint, C: closed-loop/control/actuation, E: quantitative evaluation."
FT062,RAW262,IoT-based monitoring and control for optimized plant growth in smart greenhouses using soil and hydroponic systems,2025,10.1016/j.iot.2025.101710,https://doi.org/10.1016/j.iot.2025.101710,OpenAlex,Q8,pending_retrieval,,https://doi.org/10.1016/j.iot.2025.101710,,pending_fulltext,,"Read full text. Accept only if P: irrigation/greenhouse/agriculture plant, N: network/communication constraint, C: closed-loop/control/actuation, E: quantitative evaluation."
FT063,RAW263,Intelligent Greenhouse cultivation empowered in IoT ecosystem,2021,10.1109/agers53903.2021.9617304,https://doi.org/10.1109/agers53903.2021.9617304,OpenAlex,Q8,pending_retrieval,,https://doi.org/10.1109/agers53903.2021.9617304,,pending_fulltext,,"Read full text. Accept only if P: irrigation/greenhouse/agriculture plant, N: network/communication constraint, C: closed-loop/control/actuation, E: quantitative evaluation."
FT064,RAW264,Monitoring of Smart Greenhouse Using Internet of Things (IoT),2024,10.1007/978-981-99-9610-0_19,https://doi.org/10.1007/978-981-99-9610-0_19,OpenAlex,Q8,pending_retrieval,,https://doi.org/10.1007/978-981-99-9610-0_19,,pending_fulltext,,"Read full text. Accept only if P: irrigation/greenhouse/agriculture plant, N: network/communication constraint, C: closed-loop/control/actuation, E: quantitative evaluation."
FT065,RAW265,LoRaWAN based internet of things (IoT) system for precision irrigation in plasticulture fresh-market tomato,2022,10.1016/j.atech.2022.100053,https://doi.org/10.1016/j.atech.2022.100053,OpenAlex,Q9,pending_retrieval,,https://doi.org/10.1016/j.atech.2022.100053,,pending_fulltext,,"Read full text. Accept only if P: irrigation/greenhouse/agriculture plant, N: network/communication constraint, C: closed-loop/control/actuation, E: quantitative evaluation."
FT066,RAW266,Development of an IoT-Based Precision Irrigation System for Tomato Production from Indoor Seedling Germination to Outdoor Field Production,2023,10.3390/app13095556,https://doi.org/10.3390/app13095556,OpenAlex,Q9,pending_retrieval,,https://doi.org/10.3390/app13095556,,pending_fulltext,,"Read full text. Accept only if P: irrigation/greenhouse/agriculture plant, N: network/communication constraint, C: closed-loop/control/actuation, E: quantitative evaluation."
FT067,RAW267,&amp;lt;i&amp;gt;Internet of Things (IoT)-based Precision Irrigation with LoRaWAN Technology Applied to High Tunnel Vegetable Production&amp;lt;/i&amp;gt;,2020,10.13031/aim.202000762,https://doi.org/10.13031/aim.202000762,OpenAlex,Q9,pending_retrieval,,https://doi.org/10.13031/aim.202000762,,pending_fulltext,,"Read full text. Accept only if P: irrigation/greenhouse/agriculture plant, N: network/communication constraint, C: closed-loop/control/actuation, E: quantitative evaluation."
FT068,RAW268,Internet of Things (IoT)-Based Precision Irrigation With LoRaWAN Technology Applied to Vegetable Production,2021,10.13031/aim.202100877,https://doi.org/10.13031/aim.202100877,OpenAlex,Q9,pending_retrieval,,https://doi.org/10.13031/aim.202100877,,pending_fulltext,,"Read full text. Accept only if P: irrigation/greenhouse/agriculture plant, N: network/communication constraint, C: closed-loop/control/actuation, E: quantitative evaluation."
FT069,RAW269,"Implementing internet of things (IoT) sensor-based precision irrigation with LoRaWAN technology for enhancing yield, quality, and resource use efficiency of soilless basil",2023,10.17660/actahortic.2023.1377.79,https://doi.org/10.17660/actahortic.2023.1377.79,OpenAlex,Q9,pending_retrieval,,https://doi.org/10.17660/actahortic.2023.1377.79,,pending_fulltext,,"Read full text. Accept only if P: irrigation/greenhouse/agriculture plant, N: network/communication constraint, C: closed-loop/control/actuation, E: quantitative evaluation."
FT070,RAW284,Monitoring Soil and Ambient Parameters in the IoT Precision Agriculture Scenario: An Original Modeling Approach Dedicated to Low-Cost Soil Water Content Sensors,2021,10.3390/s21155110,https://doi.org/10.3390/s21155110,OpenAlex,Q9,pending_retrieval,,https://doi.org/10.3390/s21155110,,pending_fulltext,,"Read full text. Accept only if P: irrigation/greenhouse/agriculture plant, N: network/communication constraint, C: closed-loop/control/actuation, E: quantitative evaluation."
FT071,RAW291,A Fuzzy-Logic-Based Smart Irrigation Controller for Precision Agriculture,2024,10.1109/jiot.2024.3440200,https://doi.org/10.1109/jiot.2024.3440200,OpenAlex,Q10,pending_retrieval,,https://doi.org/10.1109/jiot.2024.3440200,,pending_fulltext,,"Read full text. Accept only if P: irrigation/greenhouse/agriculture plant, N: network/communication constraint, C: closed-loop/control/actuation, E: quantitative evaluation."
FT072,RAW292,Controlling irrigation in a container nursery using IoT,2018,10.3934/agrfood.2018.3.205,https://doi.org/10.3934/agrfood.2018.3.205,OpenAlex,Q10,pending_retrieval,,https://doi.org/10.3934/agrfood.2018.3.205,,pending_fulltext,,"Read full text. Accept only if P: irrigation/greenhouse/agriculture plant, N: network/communication constraint, C: closed-loop/control/actuation, E: quantitative evaluation."
FT073,RAW293,Digital twin-enabled intelligent irrigation-drainage system for precision water-salt management in saline agroecosystems,2025,10.1016/j.agwat.2025.109957,https://doi.org/10.1016/j.agwat.2025.109957,OpenAlex,Q10,pending_retrieval,,https://doi.org/10.1016/j.agwat.2025.109957,,pending_fulltext,,"Read full text. Accept only if P: irrigation/greenhouse/agriculture plant, N: network/communication constraint, C: closed-loop/control/actuation, E: quantitative evaluation."
FT074,RAW294,"Creation of Parcelas 5.0 using the 5S framework (social, sustainable, smart, sensing and safe) to improve traditional farming in Mexico",2025,10.1080/19397038.2025.2471306,https://doi.org/10.1080/19397038.2025.2471306,OpenAlex,Q10,pending_retrieval,,https://doi.org/10.1080/19397038.2025.2471306,,pending_fulltext,,"Read full text. Accept only if P: irrigation/greenhouse/agriculture plant, N: network/communication constraint, C: closed-loop/control/actuation, E: quantitative evaluation."
FT075,RAW296,Design of an Efficient Automated Closed-Loop Irrigation System for Stable Remote Access to Field Conditions,2019,10.35940/ijeat.f8366.088619,https://doi.org/10.35940/ijeat.f8366.088619,OpenAlex,Q10,pending_retrieval,,https://doi.org/10.35940/ijeat.f8366.088619,,pending_fulltext,,"Read full text. Accept only if P: irrigation/greenhouse/agriculture plant, N: network/communication constraint, C: closed-loop/control/actuation, E: quantitative evaluation."
FT076,RAW299,Automated Irrigation and Fertigation System Applying Sensing Technology,2021,10.30880/jeva.2021.02.02.009,https://doi.org/10.30880/jeva.2021.02.02.009,OpenAlex,Q10,pending_retrieval,,https://doi.org/10.30880/jeva.2021.02.02.009,,pending_fulltext,,"Read full text. Accept only if P: irrigation/greenhouse/agriculture plant, N: network/communication constraint, C: closed-loop/control/actuation, E: quantitative evaluation."
FT077,RAW300,Reinforcement Learning based Decentralized Approach for Precision Agriculture and Environment Monitoring,2025,10.1109/icaiss61471.2025.11042035,https://doi.org/10.1109/icaiss61471.2025.11042035,OpenAlex,Q10,pending_retrieval,,https://doi.org/10.1109/icaiss61471.2025.11042035,,pending_fulltext,,"Read full text. Accept only if P: irrigation/greenhouse/agriculture plant, N: network/communication constraint, C: closed-loop/control/actuation, E: quantitative evaluation."
FT078,RAW301,IoT and Inception V3 for Precision Rice Disease Detection,2025,10.1109/cmss66566.2025.11182534,https://doi.org/10.1109/cmss66566.2025.11182534,OpenAlex,Q10,pending_retrieval,,https://doi.org/10.1109/cmss66566.2025.11182534,,pending_fulltext,,"Read full text. Accept only if P: irrigation/greenhouse/agriculture plant, N: network/communication constraint, C: closed-loop/control/actuation, E: quantitative evaluation."
FT079,RAW307,Towards Precision Agriculture: IoT-Enabled Intelligent Irrigation Systems Using Deep Learning Neural Network,2021,10.1109/jsen.2021.3069266,https://doi.org/10.1109/jsen.2021.3069266,OpenAlex,Q10,pending_retrieval,,https://doi.org/10.1109/jsen.2021.3069266,,pending_fulltext,,"Read full text. Accept only if P: irrigation/greenhouse/agriculture plant, N: network/communication constraint, C: closed-loop/control/actuation, E: quantitative evaluation."
FT080,RAW310,IoT-Blockchain Enabled Optimized Provenance System for Food Industry 4.0 Using Advanced Deep Learning,2020,10.3390/s20102990,https://doi.org/10.3390/s20102990,OpenAlex,Q10,pending_retrieval,,https://doi.org/10.3390/s20102990,,pending_fulltext,,"Read full text. Accept only if P: irrigation/greenhouse/agriculture plant, N: network/communication constraint, C: closed-loop/control/actuation, E: quantitative evaluation."
FT081,RAW320,IoT-Enabled Adaptive Watering System with ARIMA-Based Soil Moisture Prediction for Smart Agriculture,2025,,,local_paper_list,LOCAL,pending_retrieval,,,,pending_fulltext,,"Read full text. Accept only if P: irrigation/greenhouse/agriculture plant, N: network/communication constraint, C: closed-loop/control/actuation, E: quantitative evaluation."
FT082,RAW322,Vegetation Effects on LoRa-Based Wireless Sensor Communication for Remote Monitoring of Automatic Orchard Irrigation Status,2025,,,local_paper_list,LOCAL,pending_retrieval,,,,pending_fulltext,,"Read full text. Accept only if P: irrigation/greenhouse/agriculture plant, N: network/communication constraint, C: closed-loop/control/actuation, E: quantitative evaluation."
FT083,RAW324,Analyzing the Effectiveness of Wireless Sensor Networks in Smart Agriculture with OPNET,2025,,,local_paper_list,LOCAL,pending_retrieval,,,,pending_fulltext,,"Read full text. Accept only if P: irrigation/greenhouse/agriculture plant, N: network/communication constraint, C: closed-loop/control/actuation, E: quantitative evaluation."
FT084,RAW325,Data-driven model predictive control (MPC) for irrigation management in agricultural greenhouse under CO2 enrichment,2025,,,local_paper_list,LOCAL,pending_retrieval,,,,pending_fulltext,,"Read full text. Accept only if P: irrigation/greenhouse/agriculture plant, N: network/communication constraint, C: closed-loop/control/actuation, E: quantitative evaluation."
FT085,RAW327,Spatiotemporal prediction of soil moisture content using machine learning algorithms,2025,,,local_paper_list,LOCAL,pending_retrieval,,,,pending_fulltext,,"Read full text. Accept only if P: irrigation/greenhouse/agriculture plant, N: network/communication constraint, C: closed-loop/control/actuation, E: quantitative evaluation."
FT086,RAW329,"MIMO-OFDM Based Wireless Sensor Networks: Standards, Challenges, and Opportunities in Smart Agriculture",2025,,,local_paper_list,LOCAL,pending_retrieval,,,,pending_fulltext,,"Read full text. Accept only if P: irrigation/greenhouse/agriculture plant, N: network/communication constraint, C: closed-loop/control/actuation, E: quantitative evaluation."
FT087,RAW335,Energy-Efficient and Secure Routing in WSN-IoT for Smart Agriculture using Hybrid Optimization,2025,,,local_paper_list,LOCAL,pending_retrieval,,,,pending_fulltext,,"Read full text. Accept only if P: irrigation/greenhouse/agriculture plant, N: network/communication constraint, C: closed-loop/control/actuation, E: quantitative evaluation."
FT088,RAW336,Internet of Things (IoT) Based Smart Agriculture Monitoring System,2025,,,local_paper_list,LOCAL,pending_retrieval,,,,pending_fulltext,,"Read full text. Accept only if P: irrigation/greenhouse/agriculture plant, N: network/communication constraint, C: closed-loop/control/actuation, E: quantitative evaluation."
FT089,RAW338,Internet of Things (IoT) and Agricultural Unmanned Aerial Vehicles (UAVs) in Smart Farming,2025,,,local_paper_list,LOCAL,pending_retrieval,,,,pending_fulltext,,"Read full text. Accept only if P: irrigation/greenhouse/agriculture plant, N: network/communication constraint, C: closed-loop/control/actuation, E: quantitative evaluation."
FT090,RAW339,Scalable and Efficient Data Collection in IoT-Based Smart Farming,2025,,,local_paper_list,LOCAL,pending_retrieval,,,,pending_fulltext,,"Read full text. Accept only if P: irrigation/greenhouse/agriculture plant, N: network/communication constraint, C: closed-loop/control/actuation, E: quantitative evaluation."
FT091,RAW343,Research on Agricultural Environmental Monitoring System Based on IoT,2025,,,local_paper_list,LOCAL,pending_retrieval,,,,pending_fulltext,,"Read full text. Accept only if P: irrigation/greenhouse/agriculture plant, N: network/communication constraint, C: closed-loop/control/actuation, E: quantitative evaluation."
FT092,RAW344,Green-IoT based Smart Agriculture System for Real-time Monitoring and Control,2025,,,local_paper_list,LOCAL,pending_retrieval,,,,pending_fulltext,,"Read full text. Accept only if P: irrigation/greenhouse/agriculture plant, N: network/communication constraint, C: closed-loop/control/actuation, E: quantitative evaluation."
FT093,RAW350,Edge-AI-Enabled IoT Systems for Smart Agriculture,2025,,,local_paper_list,LOCAL,pending_retrieval,,,,pending_fulltext,,"Read full text. Accept only if P: irrigation/greenhouse/agriculture plant, N: network/communication constraint, C: closed-loop/control/actuation, E: quantitative evaluation."
FT094,RAW351,Smart Agriculture System Based on Long Range Wide Area Network,2025,,,local_paper_list,LOCAL,pending_retrieval,,,,pending_fulltext,,"Read full text. Accept only if P: irrigation/greenhouse/agriculture plant, N: network/communication constraint, C: closed-loop/control/actuation, E: quantitative evaluation."
FT095,RAW352,IoT Based Smart Agriculture Monitoring and Irrigation System,2025,,,local_paper_list,LOCAL,pending_retrieval,,,,pending_fulltext,,"Read full text. Accept only if P: irrigation/greenhouse/agriculture plant, N: network/communication constraint, C: closed-loop/control/actuation, E: quantitative evaluation."
FT096,RAW357,Control And Monitoring System Design Cultivation of Lettuce Using Method Aeroponics Based on Smart Farming,2025,,,local_paper_list,LOCAL,pending_retrieval,,,,pending_fulltext,,"Read full text. Accept only if P: irrigation/greenhouse/agriculture plant, N: network/communication constraint, C: closed-loop/control/actuation, E: quantitative evaluation."
FT097,RAW361,Data-driven model predictive control (MPC) for irrigation management to optimize water and energy,2025,,,local_paper_list,LOCAL,pending_retrieval,,,,pending_fulltext,,"Read full text. Accept only if P: irrigation/greenhouse/agriculture plant, N: network/communication constraint, C: closed-loop/control/actuation, E: quantitative evaluation."
FT098,RAW362,"Edge Computing-Enabled Smart Agriculture: Technical Architectures, Practical Evolution, and Bottleneck Breakthroughs",2025,,,local_paper_list,LOCAL,pending_retrieval,,,,pending_fulltext,,"Read full text. Accept only if P: irrigation/greenhouse/agriculture plant, N: network/communication constraint, C: closed-loop/control/actuation, E: quantitative evaluation."
FT099,RAW367,Navigating ethics in wireless sensor networks for sustainable agriculture,2025,,,local_paper_list,LOCAL,pending_retrieval,,,,pending_fulltext,,"Read full text. Accept only if P: irrigation/greenhouse/agriculture plant, N: network/communication constraint, C: closed-loop/control/actuation, E: quantitative evaluation."
FT100,RAW369,"Smart Farming Technologies: IoT, Sensors, and Data Analytics",2025,,,local_paper_list,LOCAL,pending_retrieval,,,,pending_fulltext,,"Read full text. Accept only if P: irrigation/greenhouse/agriculture plant, N: network/communication constraint, C: closed-loop/control/actuation, E: quantitative evaluation."
FT101,RAW378,Intelligent Offloading of IoT-Based Smart Agriculture Data in Edge-Cloud Continuum,2025,,,local_paper_list,LOCAL,pending_retrieval,,,,pending_fulltext,,"Read full text. Accept only if P: irrigation/greenhouse/agriculture plant, N: network/communication constraint, C: closed-loop/control/actuation, E: quantitative evaluation."
FT102,RAW386,"Design, development, and evaluation of a low-cost smart greenhouse control system",2025,,,local_paper_list,LOCAL,pending_retrieval,,,,pending_fulltext,,"Read full text. Accept only if P: irrigation/greenhouse/agriculture plant, N: network/communication constraint, C: closed-loop/control/actuation, E: quantitative evaluation."
FT103,RAW388,Design and development of IoT smart drip irrigation and fertigation prototype,2025,,,local_paper_list,LOCAL,pending_retrieval,,,,pending_fulltext,,"Read full text. Accept only if P: irrigation/greenhouse/agriculture plant, N: network/communication constraint, C: closed-loop/control/actuation, E: quantitative evaluation."
FT104,RAW389,Virtual sensors for smart farming: An IoT-and AI-enabled approach,2025,,,local_paper_list,LOCAL,pending_retrieval,,,,pending_fulltext,,"Read full text. Accept only if P: irrigation/greenhouse/agriculture plant, N: network/communication constraint, C: closed-loop/control/actuation, E: quantitative evaluation."
FT105,RAW393,RL-Guided MPC for Autonomous Greenhouse Control,2025,,,local_paper_list,LOCAL,pending_retrieval,,,,pending_fulltext,,"Read full text. Accept only if P: irrigation/greenhouse/agriculture plant, N: network/communication constraint, C: closed-loop/control/actuation, E: quantitative evaluation."
FT106,RAW395,Development and evaluation of wireless sensor network (WSN) based automated drip irrigation system,2025,,,local_paper_list,LOCAL,pending_retrieval,,,,pending_fulltext,,"Read full text. Accept only if P: irrigation/greenhouse/agriculture plant, N: network/communication constraint, C: closed-loop/control/actuation, E: quantitative evaluation."
FT107,RAW396,Hybrid LoRaWAN–MQTT Architecture for Portable Smart Greenhouses,2025,,,local_paper_list,LOCAL,pending_retrieval,,,,pending_fulltext,,"Read full text. Accept only if P: irrigation/greenhouse/agriculture plant, N: network/communication constraint, C: closed-loop/control/actuation, E: quantitative evaluation."
FT108,RAW398,CropSynergy: Harnessing IoT Solutions for Smart and Efficient Crop Management,2025,,,local_paper_list,LOCAL,pending_retrieval,,,,pending_fulltext,,"Read full text. Accept only if P: irrigation/greenhouse/agriculture plant, N: network/communication constraint, C: closed-loop/control/actuation, E: quantitative evaluation."
FT109,RAW405,"Control Algorithms for Intelligent Agriculture: Applications, Challenges, and Future Directions",2025,,,local_paper_list,LOCAL,pending_retrieval,,,,pending_fulltext,,"Read full text. Accept only if P: irrigation/greenhouse/agriculture plant, N: network/communication constraint, C: closed-loop/control/actuation, E: quantitative evaluation."
FT110,RAW413,IoT-Enabled Autonomous Rover for Small-Scale Precision Farming,2025,,,local_paper_list,LOCAL,pending_retrieval,,,,pending_fulltext,,"Read full text. Accept only if P: irrigation/greenhouse/agriculture plant, N: network/communication constraint, C: closed-loop/control/actuation, E: quantitative evaluation."
FT111,RAW415,LoRa-Based Smart Agriculture Monitoring and Automatic Irrigation System,2025,,,local_paper_list,LOCAL,pending_retrieval,,,,pending_fulltext,,"Read full text. Accept only if P: irrigation/greenhouse/agriculture plant, N: network/communication constraint, C: closed-loop/control/actuation, E: quantitative evaluation."
FT112,RAW420,Event-Based Model Predictive Control for Greenhouse Climate Control with Energy Optimization,2025,,,local_paper_list,LOCAL,pending_retrieval,,,,pending_fulltext,,"Read full text. Accept only if P: irrigation/greenhouse/agriculture plant, N: network/communication constraint, C: closed-loop/control/actuation, E: quantitative evaluation."
FT113,RAW437,Research and Development of an IoT Smart Irrigation System for Farmland Based on LoRa,2025,,,local_paper_list,LOCAL,pending_retrieval,,,,pending_fulltext,,"Read full text. Accept only if P: irrigation/greenhouse/agriculture plant, N: network/communication constraint, C: closed-loop/control/actuation, E: quantitative evaluation."
FT114,RAW447,IoT-based intelligent pest management system for precision agriculture,2024,,,local_paper_list,LOCAL,pending_retrieval,,,,pending_fulltext,,"Read full text. Accept only if P: irrigation/greenhouse/agriculture plant, N: network/communication constraint, C: closed-loop/control/actuation, E: quantitative evaluation."
FT115,RAW450,Internet-of-Things (IoT)-based smart agriculture: Toward making the fields talk,2019,,,local_paper_list,LOCAL,pending_retrieval,,,,pending_fulltext,,"Read full text. Accept only if P: irrigation/greenhouse/agriculture plant, N: network/communication constraint, C: closed-loop/control/actuation, E: quantitative evaluation."
FT116,RAW458,IoT-based smart irrigation systems: an overview on the recent trends,2020,,,local_paper_list,LOCAL,pending_retrieval,,,,pending_fulltext,,"Read full text. Accept only if P: irrigation/greenhouse/agriculture plant, N: network/communication constraint, C: closed-loop/control/actuation, E: quantitative evaluation."
FT117,RAW460,Machine learning enabled IoT system for soil nutrients monitoring and crop recommendation,2023,,,local_paper_list,LOCAL,pending_retrieval,,,,pending_fulltext,,"Read full text. Accept only if P: irrigation/greenhouse/agriculture plant, N: network/communication constraint, C: closed-loop/control/actuation, E: quantitative evaluation."
FT118,RAW464,Smart water management platform: IoT-based precision irrigation for agriculture,2019,,,local_paper_list,LOCAL,pending_retrieval,,,,pending_fulltext,,"Read full text. Accept only if P: irrigation/greenhouse/agriculture plant, N: network/communication constraint, C: closed-loop/control/actuation, E: quantitative evaluation."
FT119,RAW474,Malicious detection model with artificial neural network in IoT-based smart farming security,2024,,,local_paper_list,LOCAL,pending_retrieval,,,,pending_fulltext,,"Read full text. Accept only if P: irrigation/greenhouse/agriculture plant, N: network/communication constraint, C: closed-loop/control/actuation, E: quantitative evaluation."
FT120,RAW475,IoT-based smart irrigation management system to enhance agricultural water security,2024,,,local_paper_list,LOCAL,pending_retrieval,,,,pending_fulltext,,"Read full text. Accept only if P: irrigation/greenhouse/agriculture plant, N: network/communication constraint, C: closed-loop/control/actuation, E: quantitative evaluation."
FT121,RAW483,Performance Evaluation of Unsupervised Learning in Optimization of IOT-based Irrigation System,2024,,,local_paper_list,LOCAL,pending_retrieval,,,,pending_fulltext,,"Read full text. Accept only if P: irrigation/greenhouse/agriculture plant, N: network/communication constraint, C: closed-loop/control/actuation, E: quantitative evaluation."
FT122,RAW487,IoT-based system of prevention and control for crop diseases and insect pests,2024,,,local_paper_list,LOCAL,pending_retrieval,,,,pending_fulltext,,"Read full text. Accept only if P: irrigation/greenhouse/agriculture plant, N: network/communication constraint, C: closed-loop/control/actuation, E: quantitative evaluation."
FT123,RAW489,Monitoring citrus soil moisture and nutrients using an IoT-based system,2017,,,local_paper_list,LOCAL,pending_retrieval,,,,pending_fulltext,,"Read full text. Accept only if P: irrigation/greenhouse/agriculture plant, N: network/communication constraint, C: closed-loop/control/actuation, E: quantitative evaluation."
