duplicate_raw_id,duplicate_title,duplicate_doi,duplicate_channel,duplicate_query,retained_raw_id,dedupe_rule,evidence_reason
RAW033,"Control, And Monitoring System Design Cultivation of Lettude Using Method Aeroponics Based on Smart Farming",10.1109/tssa68467.2025.11303843,existing_core68,CORE68,RAW032,DOI exact match or normalized title similarity >= 0.94,D01_duplicate_of_RAW032
RAW053,Research and Development of an IoT Smart Irrigation System for Farmland Based on LoRa and Edge Computing,10.3390/agronomy15020366,existing_core68,CORE68,RAW045,DOI exact match or normalized title similarity >= 0.94,D01_duplicate_of_RAW045
RAW054,"Hybrid LoRaWAN–MQTT Architecture for Portable Smart Greenhouses: Cross-Layer Validation of Latency, Energy, and ADMR Trade-Offs",10.1109/access.2025.3643617,existing_core68,CORE68,RAW047,DOI exact match or normalized title similarity >= 0.94,D01_duplicate_of_RAW047
RAW068,Smart greenhouse construction and irrigation control system for optimal Brassica Juncea development,10.1371/journal.pone.0292971,existing_core68,CORE68,RAW035,DOI exact match or normalized title similarity >= 0.94,D01_duplicate_of_RAW035
RAW102,Design and Implementation of an Autonomous Intelligent Fertigation System for Cross-Regional Applications,10.3390/act14090413,OpenAlex,Q2,RAW044,DOI exact match or normalized title similarity >= 0.94,D01_duplicate_of_RAW044
RAW104,"Distributed design of ultra large-scale control systems: Progress, Challenges, and Prospects",10.1016/j.arcontrol.2025.100987,OpenAlex,Q2,RAW080,DOI exact match or normalized title similarity >= 0.94,D01_duplicate_of_RAW080
RAW113,Self-triggered Control with Energy Harvesting Sensor Nodes,10.1145/3597311,OpenAlex,Q2,RAW017,DOI exact match or normalized title similarity >= 0.94,D01_duplicate_of_RAW017
RAW118,Data-driven model predictive control for irrigation management in agricultural greenhouses under CO2 enrichment,10.1016/j.atech.2025.101071,OpenAlex,Q3,RAW001,DOI exact match or normalized title similarity >= 0.94,D01_duplicate_of_RAW001
RAW125,Applications of Artificial Neural Networks in Greenhouse Technology and Overview for Smart Agriculture Development,10.3390/app10113835,OpenAlex,Q3,RAW070,DOI exact match or normalized title similarity >= 0.94,D01_duplicate_of_RAW070
RAW131,Renewable Energy Integration Into Cloud &amp; IoT-Based Smart Agriculture,10.1109/access.2021.3138160,OpenAlex,Q3,RAW069,DOI exact match or normalized title similarity >= 0.94,D01_duplicate_of_RAW069
RAW183,A Survey on the Role of IoT in Agriculture for the Implementation of Smart Farming,10.1109/access.2019.2949703,OpenAlex,Q5,RAW140,DOI exact match or normalized title similarity >= 0.94,D01_duplicate_of_RAW140
RAW186,Energy-Efficient Wireless Sensor Networks for Precision Agriculture: A Review,10.3390/s17081781,OpenAlex,Q5,RAW143,DOI exact match or normalized title similarity >= 0.94,D01_duplicate_of_RAW143
RAW187,Precision Agriculture Techniques and Practices: From Considerations to Applications,10.3390/s19173796,OpenAlex,Q5,RAW141,DOI exact match or normalized title similarity >= 0.94,D01_duplicate_of_RAW141
RAW199,The Path to Smart Farming: Innovations and Opportunities in Precision Agriculture,10.3390/agriculture13081593,OpenAlex,Q6,RAW142,DOI exact match or normalized title similarity >= 0.94,D01_duplicate_of_RAW142
RAW200,A Survey on the Role of IoT in Agriculture for the Implementation of Smart Farming,10.1109/access.2019.2949703,OpenAlex,Q6,RAW140,DOI exact match or normalized title similarity >= 0.94,D01_duplicate_of_RAW140
RAW201,Precision Agriculture Techniques and Practices: From Considerations to Applications,10.3390/s19173796,OpenAlex,Q6,RAW141,DOI exact match or normalized title similarity >= 0.94,D01_duplicate_of_RAW141
RAW202,"IoT-Enabled Smart Agriculture: Architecture, Applications, and Challenges",10.3390/app12073396,OpenAlex,Q6,RAW145,DOI exact match or normalized title similarity >= 0.94,D01_duplicate_of_RAW145
RAW204,Role of IoT Technology in Agriculture: A Systematic Literature Review,10.3390/electronics9020319,OpenAlex,Q6,RAW144,DOI exact match or normalized title similarity >= 0.94,D01_duplicate_of_RAW144
RAW208,"Digital Twin: Values, Challenges and Enablers From a Modeling Perspective",10.1109/access.2020.2970143,OpenAlex,Q6,RAW156,DOI exact match or normalized title similarity >= 0.94,D01_duplicate_of_RAW156
RAW218,A Survey on the Role of IoT in Agriculture for the Implementation of Smart Farming,10.1109/access.2019.2949703,OpenAlex,Q7,RAW140,DOI exact match or normalized title similarity >= 0.94,D01_duplicate_of_RAW140
RAW219,The Path to Smart Farming: Innovations and Opportunities in Precision Agriculture,10.3390/agriculture13081593,OpenAlex,Q7,RAW142,DOI exact match or normalized title similarity >= 0.94,D01_duplicate_of_RAW142
RAW220,Internet-of-Things (IoT)-Based Smart Agriculture: Toward Making the Fields Talk,10.1109/access.2019.2932609,OpenAlex,Q7,RAW182,DOI exact match or normalized title similarity >= 0.94,D01_duplicate_of_RAW182
RAW221,Energy-Efficient Wireless Sensor Networks for Precision Agriculture: A Review,10.3390/s17081781,OpenAlex,Q7,RAW143,DOI exact match or normalized title similarity >= 0.94,D01_duplicate_of_RAW143
RAW223,Role of IoT Technology in Agriculture: A Systematic Literature Review,10.3390/electronics9020319,OpenAlex,Q7,RAW144,DOI exact match or normalized title similarity >= 0.94,D01_duplicate_of_RAW144
RAW224,"A Survey on Energy Efficient Narrowband Internet of Things (NBIoT): Architecture, Application and Challenges",10.1109/access.2018.2881533,OpenAlex,Q7,RAW157,DOI exact match or normalized title similarity >= 0.94,D01_duplicate_of_RAW157
RAW226,"IoT-Equipped and AI-Enabled Next Generation Smart Agriculture: A Critical Review, Current Challenges and Future Trends",10.1109/access.2022.3152544,OpenAlex,Q7,RAW205,DOI exact match or normalized title similarity >= 0.94,D01_duplicate_of_RAW205
RAW227,Smart Water Management Platform: IoT-Based Precision Irrigation for Agriculture,10.3390/s19020276,OpenAlex,Q7,RAW059,DOI exact match or normalized title similarity >= 0.94,D01_duplicate_of_RAW059
RAW228,A Review of Applications and Communication Technologies for Internet of Things (IoT) and Unmanned Aerial Vehicle (UAV) Based Sustainable Smart Farming,10.3390/su13041821,OpenAlex,Q7,RAW146,DOI exact match or normalized title similarity >= 0.94,D01_duplicate_of_RAW146
RAW229,Security and Privacy in Smart Farming: Challenges and Opportunities,10.1109/access.2020.2975142,OpenAlex,Q7,RAW207,DOI exact match or normalized title similarity >= 0.94,D01_duplicate_of_RAW207
RAW230,State-of-the-Art Internet of Things in Protected Agriculture,10.3390/s19081833,OpenAlex,Q7,RAW211,DOI exact match or normalized title similarity >= 0.94,D01_duplicate_of_RAW211
RAW231,"IoT-Enabled Smart Cities: A Review of Concepts, Frameworks and Key Technologies",10.3390/app12031607,OpenAlex,Q7,RAW163,DOI exact match or normalized title similarity >= 0.94,D01_duplicate_of_RAW163
RAW232,Smart Sensors and Smart Data for Precision Agriculture: A Review,10.3390/s24082647,OpenAlex,Q7,RAW148,DOI exact match or normalized title similarity >= 0.94,D01_duplicate_of_RAW148
RAW233,"IoT-Enabled Smart Agriculture: Architecture, Applications, and Challenges",10.3390/app12073396,OpenAlex,Q7,RAW145,DOI exact match or normalized title similarity >= 0.94,D01_duplicate_of_RAW145
RAW234,"Internet of Things in arable farming: Implementation, applications, challenges and potential",10.1016/j.biosystemseng.2019.12.013,OpenAlex,Q7,RAW209,DOI exact match or normalized title similarity >= 0.94,D01_duplicate_of_RAW209
RAW235,Recent Developments of the Internet of Things in Agriculture: A Survey,10.1109/access.2020.3009298,OpenAlex,Q7,RAW158,DOI exact match or normalized title similarity >= 0.94,D01_duplicate_of_RAW158
RAW238,A Comprehensive Survey on TinyML,10.1109/access.2023.3294111,OpenAlex,Q7,RAW150,DOI exact match or normalized title similarity >= 0.94,D01_duplicate_of_RAW150
RAW239,A Survey on LoRa for Smart Agriculture: Current Trends and Future Perspectives,10.1109/jiot.2022.3230505,OpenAlex,Q7,RAW154,DOI exact match or normalized title similarity >= 0.94,D01_duplicate_of_RAW154
RAW241,Model Predictive Control of Smart Greenhouses as the Path towards Near Zero Energy Consumption,10.3390/en13143647,OpenAlex,Q8,RAW133,DOI exact match or normalized title similarity >= 0.94,D01_duplicate_of_RAW133
RAW270,Smart Water Management Platform: IoT-Based Precision Irrigation for Agriculture,10.3390/s19020276,OpenAlex,Q9,RAW059,DOI exact match or normalized title similarity >= 0.94,D01_duplicate_of_RAW059
RAW271,A Survey on the Role of IoT in Agriculture for the Implementation of Smart Farming,10.1109/access.2019.2949703,OpenAlex,Q9,RAW140,DOI exact match or normalized title similarity >= 0.94,D01_duplicate_of_RAW140
RAW272,Energy-Efficient Wireless Sensor Networks for Precision Agriculture: A Review,10.3390/s17081781,OpenAlex,Q9,RAW143,DOI exact match or normalized title similarity >= 0.94,D01_duplicate_of_RAW143
RAW273,Internet-of-Things (IoT)-Based Smart Agriculture: Toward Making the Fields Talk,10.1109/access.2019.2932609,OpenAlex,Q9,RAW182,DOI exact match or normalized title similarity >= 0.94,D01_duplicate_of_RAW182
RAW274,Role of IoT Technology in Agriculture: A Systematic Literature Review,10.3390/electronics9020319,OpenAlex,Q9,RAW144,DOI exact match or normalized title similarity >= 0.94,D01_duplicate_of_RAW144
RAW275,"A Review of Precision Irrigation Water-Saving Technology under Changing Climate for Enhancing Water Use Efficiency, Crop Yield, and Environmental Footprints",10.3390/agriculture14071141,OpenAlex,Q9,RAW149,DOI exact match or normalized title similarity >= 0.94,D01_duplicate_of_RAW149
RAW276,Smart Sensors and Smart Data for Precision Agriculture: A Review,10.3390/s24082647,OpenAlex,Q9,RAW148,DOI exact match or normalized title similarity >= 0.94,D01_duplicate_of_RAW148
RAW277,Internet of Things and Wireless Sensor Networks for Smart Agriculture Applications: A Survey,10.1109/access.2023.3346299,OpenAlex,Q9,RAW151,DOI exact match or normalized title similarity >= 0.94,D01_duplicate_of_RAW151
RAW279,AgriFusion: An Architecture for IoT and Emerging Technologies Based on a Precision Agriculture Survey,10.1109/access.2021.3116814,OpenAlex,Q9,RAW153,DOI exact match or normalized title similarity >= 0.94,D01_duplicate_of_RAW153
RAW281,Recent Developments of the Internet of Things in Agriculture: A Survey,10.1109/access.2020.3009298,OpenAlex,Q9,RAW158,DOI exact match or normalized title similarity >= 0.94,D01_duplicate_of_RAW158
RAW282,A Survey on LoRa for Smart Agriculture: Current Trends and Future Perspectives,10.1109/jiot.2022.3230505,OpenAlex,Q9,RAW154,DOI exact match or normalized title similarity >= 0.94,D01_duplicate_of_RAW154
RAW286,Applying IoT Sensors and Big Data to Improve Precision Crop Production: A Review,10.3390/agronomy13102603,OpenAlex,Q9,RAW162,DOI exact match or normalized title similarity >= 0.94,D01_duplicate_of_RAW162
RAW288,Evaluation of Machine Learning Approaches for Precision Farming in Smart Agriculture System: A Comprehensive Review,10.1109/access.2024.3390581,OpenAlex,Q9,RAW132,DOI exact match or normalized title similarity >= 0.94,D01_duplicate_of_RAW132
RAW289,"Integration of smart sensors and IOT in precision agriculture: trends, challenges and future prospectives",10.3389/fpls.2025.1587869,OpenAlex,Q9,RAW128,DOI exact match or normalized title similarity >= 0.94,D01_duplicate_of_RAW128
RAW295,Machine Learning Applications for Precision Agriculture: A Comprehensive Review,10.1109/access.2020.3048415,OpenAlex,Q10,RAW185,DOI exact match or normalized title similarity >= 0.94,D01_duplicate_of_RAW185
RAW298,"Digital Twin: Values, Challenges and Enablers From a Modeling Perspective",10.1109/access.2020.2970143,OpenAlex,Q10,RAW156,DOI exact match or normalized title similarity >= 0.94,D01_duplicate_of_RAW156
RAW302,"A Review of Precision Irrigation Water-Saving Technology under Changing Climate for Enhancing Water Use Efficiency, Crop Yield, and Environmental Footprints",10.3390/agriculture14071141,OpenAlex,Q10,RAW149,DOI exact match or normalized title similarity >= 0.94,D01_duplicate_of_RAW149
RAW303,"Security and Privacy for Green IoT-Based Agriculture: Review, Blockchain Solutions, and Challenges",10.1109/access.2020.2973178,OpenAlex,Q10,RAW214,DOI exact match or normalized title similarity >= 0.94,D01_duplicate_of_RAW214
RAW304,State-of-the-Art Internet of Things in Protected Agriculture,10.3390/s19081833,OpenAlex,Q10,RAW211,DOI exact match or normalized title similarity >= 0.94,D01_duplicate_of_RAW211
RAW305,A Review of IoT Sensing Applications and Challenges Using RFID and Wireless Sensor Networks,10.3390/s20092495,OpenAlex,Q10,RAW236,DOI exact match or normalized title similarity >= 0.94,D01_duplicate_of_RAW236
RAW308,Adoption of the Internet of Things (IoT) in Agriculture and Smart Farming towards Urban Greening: A Review,10.14569/ijacsa.2019.0100402,OpenAlex,Q10,RAW210,DOI exact match or normalized title similarity >= 0.94,D01_duplicate_of_RAW210
RAW309,Recent Developments of the Internet of Things in Agriculture: A Survey,10.1109/access.2020.3009298,OpenAlex,Q10,RAW158,DOI exact match or normalized title similarity >= 0.94,D01_duplicate_of_RAW158
RAW311,Smart Sensors and Smart Data for Precision Agriculture: A Review,10.3390/s24082647,OpenAlex,Q10,RAW148,DOI exact match or normalized title similarity >= 0.94,D01_duplicate_of_RAW148
RAW314,A Comprehensive Survey on TinyML,10.1109/access.2023.3294111,OpenAlex,Q10,RAW150,DOI exact match or normalized title similarity >= 0.94,D01_duplicate_of_RAW150
RAW451,Internet of things (IoT) and agricultural unmanned aerial vehicles (UAVs) in smart farming,,local_paper_list,LOCAL,RAW338,DOI exact match or normalized title similarity >= 0.94,D01_duplicate_of_RAW338
RAW469,Digital Technologies for Sustainable Development of Agri-Food: Implementation Guidelines Toward Industry 5.0,,local_paper_list,LOCAL,RAW380,DOI exact match or normalized title similarity >= 0.94,D01_duplicate_of_RAW380
RAW470,"Foundation models in smart agriculture: Basics, opportunities, and challenges",,local_paper_list,LOCAL,RAW381,DOI exact match or normalized title similarity >= 0.94,D01_duplicate_of_RAW381
RAW472,Security Analysis in Smart Agriculture: Insights from a Cyber-Physical System Application,,local_paper_list,LOCAL,RAW383,DOI exact match or normalized title similarity >= 0.94,D01_duplicate_of_RAW383
RAW491,Dew Computing in Smart Agriculture to Improve Real-Time Data Processing and Decision-Making Capabilities for Sustainable Farming,,local_cleaned_papers,LOCAL,RAW316,DOI exact match or normalized title similarity >= 0.94,D01_duplicate_of_RAW316
RAW492,Safe Control of Multi-Agent Systems with Minimal Communication,,local_cleaned_papers,LOCAL,RAW317,DOI exact match or normalized title similarity >= 0.94,D01_duplicate_of_RAW317
RAW493,IoT-Enabled Adaptive Watering System with ARIMA-Based Soil Moisture Prediction for Smart Agriculture,,local_cleaned_papers,LOCAL,RAW320,DOI exact match or normalized title similarity >= 0.94,D01_duplicate_of_RAW320
RAW494,Learned DICOM Image Compression via Super-Resolution with Dilated Residual Blocks and Pixel Attention,,local_cleaned_papers,LOCAL,RAW321,DOI exact match or normalized title similarity >= 0.94,D01_duplicate_of_RAW321
RAW495,Vegetation Effects on LoRa-Based Wireless Sensor Communication for Remote Monitoring of Automatic Orchard Irrigation Status,,local_cleaned_papers,LOCAL,RAW322,DOI exact match or normalized title similarity >= 0.94,D01_duplicate_of_RAW322
RAW496,Artificial Intelligence in Agriculture: Advancing Crop Productivity and Sustainability,,local_cleaned_papers,LOCAL,RAW323,DOI exact match or normalized title similarity >= 0.94,D01_duplicate_of_RAW323
RAW497,Analyzing the Effectiveness of Wireless Sensor Networks in Smart Agriculture with OPNET,,local_cleaned_papers,LOCAL,RAW324,DOI exact match or normalized title similarity >= 0.94,D01_duplicate_of_RAW324
RAW498,Data-driven model predictive control (MPC) for irrigation management in agricultural greenhouse under CO2 enrichment,,local_cleaned_papers,LOCAL,RAW325,DOI exact match or normalized title similarity >= 0.94,D01_duplicate_of_RAW325
RAW499,Precision agriculture through data‐driven farming techniques,,local_cleaned_papers,LOCAL,RAW326,DOI exact match or normalized title similarity >= 0.94,D01_duplicate_of_RAW326
RAW500,Spatiotemporal prediction of soil moisture content using machine learning algorithms,,local_cleaned_papers,LOCAL,RAW327,DOI exact match or normalized title similarity >= 0.94,D01_duplicate_of_RAW327
RAW501,"MIMO-OFDM Based Wireless Sensor Networks: Standards, Challenges, and Opportunities in Smart Agriculture",,local_cleaned_papers,LOCAL,RAW329,DOI exact match or normalized title similarity >= 0.94,D01_duplicate_of_RAW329
RAW502,"Application of Smart Techniques, Internet of Things and Data Mining for Resource Use Efficient and Sustainable Crop Production",,local_cleaned_papers,LOCAL,RAW330,DOI exact match or normalized title similarity >= 0.94,D01_duplicate_of_RAW330
RAW503,Optimal cooperative routing protocol for energy efficiency in wireless sensor networks,,local_cleaned_papers,LOCAL,RAW331,DOI exact match or normalized title similarity >= 0.94,D01_duplicate_of_RAW331
RAW504,Intelligent Irrigation Management using Reinforcement Learning and Digital Twins,,local_cleaned_papers,LOCAL,RAW332,DOI exact match or normalized title similarity >= 0.94,D01_duplicate_of_RAW332
RAW505,"Digital Twin: Benefits, use cases, challenges, and opportunities",,local_cleaned_papers,LOCAL,RAW334,DOI exact match or normalized title similarity >= 0.94,D01_duplicate_of_RAW334
RAW506,Energy-Efficient and Secure Routing in WSN-IoT for Smart Agriculture using Hybrid Optimization,,local_cleaned_papers,LOCAL,RAW335,DOI exact match or normalized title similarity >= 0.94,D01_duplicate_of_RAW335
RAW507,Internet of Things (IoT) Based Smart Agriculture Monitoring System,,local_cleaned_papers,LOCAL,RAW336,DOI exact match or normalized title similarity >= 0.94,D01_duplicate_of_RAW336
RAW508,Internet of Things (IoT) and Agricultural Unmanned Aerial Vehicles (UAVs) in Smart Farming,,local_cleaned_papers,LOCAL,RAW338,DOI exact match or normalized title similarity >= 0.94,D01_duplicate_of_RAW338
RAW509,Scalable and Efficient Data Collection in IoT-Based Smart Farming,,local_cleaned_papers,LOCAL,RAW339,DOI exact match or normalized title similarity >= 0.94,D01_duplicate_of_RAW339
RAW510,Energy-Efficient IoT-Based Monitoring System for Precision Viticulture,,local_cleaned_papers,LOCAL,RAW340,DOI exact match or normalized title similarity >= 0.94,D01_duplicate_of_RAW340
RAW511,Multi-objective optimized GPSR intelligent routing protocol for UAV clusters,,local_cleaned_papers,LOCAL,RAW341,DOI exact match or normalized title similarity >= 0.94,D01_duplicate_of_RAW341
RAW512,Research on Agricultural Environmental Monitoring System Based on IoT,,local_cleaned_papers,LOCAL,RAW343,DOI exact match or normalized title similarity >= 0.94,D01_duplicate_of_RAW343
RAW513,Green-IoT based Smart Agriculture System for Real-time Monitoring and Control,,local_cleaned_papers,LOCAL,RAW344,DOI exact match or normalized title similarity >= 0.94,D01_duplicate_of_RAW344
RAW514,Solar dryer dome to improve post-harvest processing for smallholder farmers,,local_cleaned_papers,LOCAL,RAW347,DOI exact match or normalized title similarity >= 0.94,D01_duplicate_of_RAW347
RAW515,Harnessing the power of transformers and data fusion in smart irrigation,,local_cleaned_papers,LOCAL,RAW348,DOI exact match or normalized title similarity >= 0.94,D01_duplicate_of_RAW348
RAW516,Farming Assistance for Soil Fertility Improvement and Crop Prediction using XGBoost,,local_cleaned_papers,LOCAL,RAW349,DOI exact match or normalized title similarity >= 0.94,D01_duplicate_of_RAW349
RAW517,Edge-AI-Enabled IoT Systems for Smart Agriculture,,local_cleaned_papers,LOCAL,RAW350,DOI exact match or normalized title similarity >= 0.94,D01_duplicate_of_RAW350
RAW518,Smart Agriculture System Based on Long Range Wide Area Network,,local_cleaned_papers,LOCAL,RAW351,DOI exact match or normalized title similarity >= 0.94,D01_duplicate_of_RAW351
RAW519,IoT Based Smart Agriculture Monitoring and Irrigation System,,local_cleaned_papers,LOCAL,RAW352,DOI exact match or normalized title similarity >= 0.94,D01_duplicate_of_RAW352
RAW520,AI-based framework for early detection and segmentation of green Citrus fruits,,local_cleaned_papers,LOCAL,RAW353,DOI exact match or normalized title similarity >= 0.94,D01_duplicate_of_RAW353
RAW521,Impact of Minimum Spanning Tree Algorithms on Extractive Arabic Text Summarization,,local_cleaned_papers,LOCAL,RAW354,DOI exact match or normalized title similarity >= 0.94,D01_duplicate_of_RAW354
RAW522,Prediction the Depth of Color of Cationised Cotton Fabric Dyed with Reactive Dyes Using Fuzzy Logic,,local_cleaned_papers,LOCAL,RAW355,DOI exact match or normalized title similarity >= 0.94,D01_duplicate_of_RAW355
RAW523,Control And Monitoring System Design Cultivation of Lettuce Using Method Aeroponics Based on Smart Farming,,local_cleaned_papers,LOCAL,RAW357,DOI exact match or normalized title similarity >= 0.94,D01_duplicate_of_RAW357
RAW524,Post-quantum digital signature algorithms on IoT,,local_cleaned_papers,LOCAL,RAW358,DOI exact match or normalized title similarity >= 0.94,D01_duplicate_of_RAW358
RAW525,Design and Implementation of an efficient IoT based approach to Supply Chain Management,,local_cleaned_papers,LOCAL,RAW359,DOI exact match or normalized title similarity >= 0.94,D01_duplicate_of_RAW359
RAW526,Event-Triggered Distributed Optimal Bipartite Consensus Control for Multi-Agent Systems,,local_cleaned_papers,LOCAL,RAW360,DOI exact match or normalized title similarity >= 0.94,D01_duplicate_of_RAW360
RAW527,Data-driven model predictive control (MPC) for irrigation management to optimize water and energy,,local_cleaned_papers,LOCAL,RAW361,DOI exact match or normalized title similarity >= 0.94,D01_duplicate_of_RAW361
RAW528,"Edge Computing-Enabled Smart Agriculture: Technical Architectures, Practical Evolution, and Bottleneck Breakthroughs",,local_cleaned_papers,LOCAL,RAW362,DOI exact match or normalized title similarity >= 0.94,D01_duplicate_of_RAW362
RAW529,Dragonfly-Inspired OLSR Protocol for Interference-Aware Seamless Connectivity in FANET,,local_cleaned_papers,LOCAL,RAW363,DOI exact match or normalized title similarity >= 0.94,D01_duplicate_of_RAW363
RAW530,Path planning for unmanned aerial vehicles in dynamic environments,,local_cleaned_papers,LOCAL,RAW364,DOI exact match or normalized title similarity >= 0.94,D01_duplicate_of_RAW364
RAW531,Next-generation lithium-ion batteries for electric vehicles: AI driven performance optimization,,local_cleaned_papers,LOCAL,RAW365,DOI exact match or normalized title similarity >= 0.94,D01_duplicate_of_RAW365
RAW532,Navigating ethics in wireless sensor networks for sustainable agriculture,,local_cleaned_papers,LOCAL,RAW367,DOI exact match or normalized title similarity >= 0.94,D01_duplicate_of_RAW367
RAW533,Bundled authenticated key exchange: a concrete treatment of (post-quantum) signal’s handshake protocol,,local_cleaned_papers,LOCAL,RAW368,DOI exact match or normalized title similarity >= 0.94,D01_duplicate_of_RAW368
RAW534,"Smart Farming Technologies: IoT, Sensors, and Data Analytics",,local_cleaned_papers,LOCAL,RAW369,DOI exact match or normalized title similarity >= 0.94,D01_duplicate_of_RAW369
RAW535,Self-Triggering Evolutionary Optimal Control of Multi-Modular Robot Manipulators,,local_cleaned_papers,LOCAL,RAW370,DOI exact match or normalized title similarity >= 0.94,D01_duplicate_of_RAW370
RAW536,Learning-based Pest Count Forecasting for Solar Insecticidal Lamps,,local_cleaned_papers,LOCAL,RAW371,DOI exact match or normalized title similarity >= 0.94,D01_duplicate_of_RAW371
RAW537,Sustainable food systems transformation in the face of climate change,,local_cleaned_papers,LOCAL,RAW372,DOI exact match or normalized title similarity >= 0.94,D01_duplicate_of_RAW372
RAW538,Sustainable Smart Irrigation System using solar PV with rainwater harvesting,,local_cleaned_papers,LOCAL,RAW373,DOI exact match or normalized title similarity >= 0.94,D01_duplicate_of_RAW373
RAW539,DP-MCR: A Bio-Inspired Multi-Constraint Routing Protocol for Delay-Resilient and Secure Communication,,local_cleaned_papers,LOCAL,RAW374,DOI exact match or normalized title similarity >= 0.94,D01_duplicate_of_RAW374
RAW540,Peregrine Falcon Optimization Routing Protocol for Hazardous Drone Ad-Hoc Networks,,local_cleaned_papers,LOCAL,RAW375,DOI exact match or normalized title similarity >= 0.94,D01_duplicate_of_RAW375
RAW541,Decentralized Dynamic Event-Triggered Communication and Active Suspension Control of In-Wheel Motor Driven Electric Vehicles,,local_cleaned_papers,LOCAL,RAW376,DOI exact match or normalized title similarity >= 0.94,D01_duplicate_of_RAW376
RAW542,Automated Greenhouses: IoT-Driven Climate Control,,local_cleaned_papers,LOCAL,RAW377,DOI exact match or normalized title similarity >= 0.94,D01_duplicate_of_RAW377
RAW543,Intelligent Offloading of IoT-Based Smart Agriculture Data in Edge-Cloud Continuum,,local_cleaned_papers,LOCAL,RAW378,DOI exact match or normalized title similarity >= 0.94,D01_duplicate_of_RAW378
RAW544,Analysis of multi-dimensional Industrial IoT (IIoT) data in Edge–Fog–Cloud based architectural frameworks,,local_cleaned_papers,LOCAL,RAW379,DOI exact match or normalized title similarity >= 0.94,D01_duplicate_of_RAW379
RAW545,Digital Technologies for Sustainable Development of Agri-Food: Implementation Guidelines Toward Industry 5.0,,local_cleaned_papers,LOCAL,RAW380,DOI exact match or normalized title similarity >= 0.94,D01_duplicate_of_RAW380
RAW546,"Foundation models in smart agriculture: Basics, opportunities, and challenges",,local_cleaned_papers,LOCAL,RAW381,DOI exact match or normalized title similarity >= 0.94,D01_duplicate_of_RAW381
RAW547,Co-design of dynamic event-triggered mechanism and observer-based control for networked systems,,local_cleaned_papers,LOCAL,RAW382,DOI exact match or normalized title similarity >= 0.94,D01_duplicate_of_RAW382
RAW548,Security Analysis in Smart Agriculture: Insights from a Cyber-Physical System Application,,local_cleaned_papers,LOCAL,RAW383,DOI exact match or normalized title similarity >= 0.94,D01_duplicate_of_RAW383
RAW549,Management Practices for Sustainable Agriculture in the Age of Smart Farming,,local_cleaned_papers,LOCAL,RAW384,DOI exact match or normalized title similarity >= 0.94,D01_duplicate_of_RAW384
RAW550,"Design, development, and evaluation of a low-cost smart greenhouse control system",,local_cleaned_papers,LOCAL,RAW386,DOI exact match or normalized title similarity >= 0.94,D01_duplicate_of_RAW386
RAW551,Cross-layer analysis of machine learning models for secure and energy-efficient IoT networks,,local_cleaned_papers,LOCAL,RAW387,DOI exact match or normalized title similarity >= 0.94,D01_duplicate_of_RAW387
RAW552,Design and development of IoT smart drip irrigation and fertigation prototype,,local_cleaned_papers,LOCAL,RAW388,DOI exact match or normalized title similarity >= 0.94,D01_duplicate_of_RAW388
RAW553,Virtual sensors for smart farming: An IoT-and AI-enabled approach,,local_cleaned_papers,LOCAL,RAW389,DOI exact match or normalized title similarity >= 0.94,D01_duplicate_of_RAW389
RAW554,Integrated Fluid Dynamics Modeling for Smart Agricultural Irrigation,,local_cleaned_papers,LOCAL,RAW391,DOI exact match or normalized title similarity >= 0.94,D01_duplicate_of_RAW391
RAW555,RL-Guided MPC for Autonomous Greenhouse Control,,local_cleaned_papers,LOCAL,RAW393,DOI exact match or normalized title similarity >= 0.94,D01_duplicate_of_RAW393
RAW556,Real-Time Respiratory Sound Classification For Remote Diagnostic Systems in Agriculture,,local_cleaned_papers,LOCAL,RAW394,DOI exact match or normalized title similarity >= 0.94,D01_duplicate_of_RAW394
RAW557,Development and evaluation of wireless sensor network (WSN) based automated drip irrigation system,,local_cleaned_papers,LOCAL,RAW395,DOI exact match or normalized title similarity >= 0.94,D01_duplicate_of_RAW395
RAW558,Hybrid LoRaWAN–MQTT Architecture for Portable Smart Greenhouses,,local_cleaned_papers,LOCAL,RAW396,DOI exact match or normalized title similarity >= 0.94,D01_duplicate_of_RAW396
RAW559,Observer-based AE-T cooperative DMPC for a class of interconnected nonlinear systems,,local_cleaned_papers,LOCAL,RAW397,DOI exact match or normalized title similarity >= 0.94,D01_duplicate_of_RAW397
RAW560,CropSynergy: Harnessing IoT Solutions for Smart and Efficient Crop Management,,local_cleaned_papers,LOCAL,RAW398,DOI exact match or normalized title similarity >= 0.94,D01_duplicate_of_RAW398
RAW561,Stable Plithogenic Cubic Sets in Agricultural Decision Making,,local_cleaned_papers,LOCAL,RAW399,DOI exact match or normalized title similarity >= 0.94,D01_duplicate_of_RAW399
RAW562,A platform to support the fast development of digital twins for agricultural holdings,,local_cleaned_papers,LOCAL,RAW400,DOI exact match or normalized title similarity >= 0.94,D01_duplicate_of_RAW400
RAW563,Design and performance of nutrient dosing control system using fuzzy logic,,local_cleaned_papers,LOCAL,RAW401,DOI exact match or normalized title similarity >= 0.94,D01_duplicate_of_RAW401
RAW564,Mappings Of Plithogenic Cubic Sets,,local_cleaned_papers,LOCAL,RAW402,DOI exact match or normalized title similarity >= 0.94,D01_duplicate_of_RAW402
RAW565,Efficient state synchronization in distributed electrical grid systems,,local_cleaned_papers,LOCAL,RAW403,DOI exact match or normalized title similarity >= 0.94,D01_duplicate_of_RAW403
RAW566,ILoRa: Interleaving-driven neural network for rate adaptation in LoRa communications,,local_cleaned_papers,LOCAL,RAW404,DOI exact match or normalized title similarity >= 0.94,D01_duplicate_of_RAW404
RAW567,Jaguar-Based Routing Protocol (JRP) For Improved Reliability in DANET,,local_cleaned_papers,LOCAL,RAW406,DOI exact match or normalized title similarity >= 0.94,D01_duplicate_of_RAW406
RAW568,Machine learning and robotics in urban traffic flow optimization,,local_cleaned_papers,LOCAL,RAW407,DOI exact match or normalized title similarity >= 0.94,D01_duplicate_of_RAW407
RAW569,Optimizing Quality of Service and Energy Efficiency in Hazardous DANET,,local_cleaned_papers,LOCAL,RAW408,DOI exact match or normalized title similarity >= 0.94,D01_duplicate_of_RAW408
RAW570,Early Prediction of Heart Disease Using Deep Belief-Assisted Neural Predictor (Agricultural Health App),,local_cleaned_papers,LOCAL,RAW409,DOI exact match or normalized title similarity >= 0.94,D01_duplicate_of_RAW409
RAW571,Towards the quantum-safe web: benchmarking post-quantum tls,,local_cleaned_papers,LOCAL,RAW410,DOI exact match or normalized title similarity >= 0.94,D01_duplicate_of_RAW410
RAW572,Emerging technologies for smart and sustainable precision agriculture,,local_cleaned_papers,LOCAL,RAW411,DOI exact match or normalized title similarity >= 0.94,D01_duplicate_of_RAW411
RAW573,IoT-Enabled Autonomous Rover for Small-Scale Precision Farming,,local_cleaned_papers,LOCAL,RAW413,DOI exact match or normalized title similarity >= 0.94,D01_duplicate_of_RAW413
RAW574,Versatile quantum-safe hybrid key exchange and its application to MACsec,,local_cleaned_papers,LOCAL,RAW414,DOI exact match or normalized title similarity >= 0.94,D01_duplicate_of_RAW414
RAW575,LoRa-Based Smart Agriculture Monitoring and Automatic Irrigation System,,local_cleaned_papers,LOCAL,RAW415,DOI exact match or normalized title similarity >= 0.94,D01_duplicate_of_RAW415
RAW576,Innovations in Sensor-Based Systems and Sustainable Energy Solutions for Smart Agriculture,,local_cleaned_papers,LOCAL,RAW416,DOI exact match or normalized title similarity >= 0.94,D01_duplicate_of_RAW416
RAW577,Control And Monitoring System Design Cultivation of Lettuce Using Method Aeroponics,,local_cleaned_papers,LOCAL,RAW417,DOI exact match or normalized title similarity >= 0.94,D01_duplicate_of_RAW417
RAW578,Robust Event-Triggered Control for Networked Control Systems Under DoS Attacks,,local_cleaned_papers,LOCAL,RAW418,DOI exact match or normalized title similarity >= 0.94,D01_duplicate_of_RAW418
RAW579,Data-Driven Distributed Event-Triggered Control for Networked Multi-Agent Systems,,local_cleaned_papers,LOCAL,RAW419,DOI exact match or normalized title similarity >= 0.94,D01_duplicate_of_RAW419
RAW580,Event-Based Model Predictive Control for Greenhouse Climate Control with Energy Optimization,,local_cleaned_papers,LOCAL,RAW420,DOI exact match or normalized title similarity >= 0.94,D01_duplicate_of_RAW420
RAW581,An Efficient Deep Learning Approach for Plant Disease Detection in Smart Agriculture,,local_cleaned_papers,LOCAL,RAW421,DOI exact match or normalized title similarity >= 0.94,D01_duplicate_of_RAW421
RAW582,AI in Agriculture: Cloud-Powered Precision Farming with Real-Time Data Analytics,,local_cleaned_papers,LOCAL,RAW423,DOI exact match or normalized title similarity >= 0.94,D01_duplicate_of_RAW423
RAW583,Social Irrigation: An Intelligent Irrigation System,,local_cleaned_papers,LOCAL,RAW424,DOI exact match or normalized title similarity >= 0.94,D01_duplicate_of_RAW424
RAW584,Observer-based Practical Prescribed-Time Consensus Tracking Control,,local_cleaned_papers,LOCAL,RAW426,DOI exact match or normalized title similarity >= 0.94,D01_duplicate_of_RAW426
RAW585,Event-based Sensor Data Scheduling: Trade-off between Communication and Control,,local_cleaned_papers,LOCAL,RAW427,DOI exact match or normalized title similarity >= 0.94,D01_duplicate_of_RAW427
RAW586,Event-Driven Robust Model Predictive Control for Electromagnetic Levitation Systems,,local_cleaned_papers,LOCAL,RAW428,DOI exact match or normalized title similarity >= 0.94,D01_duplicate_of_RAW428
RAW587,Semi–Global Exponential Stabilization of Nonlinear Time–Delay Systems via Event–Triggered Controllers,,local_cleaned_papers,LOCAL,RAW429,DOI exact match or normalized title similarity >= 0.94,D01_duplicate_of_RAW429
RAW588,Disturbance Rejection Self-Triggered Distributed MPC for Asynchronous Multiagent Systems,,local_cleaned_papers,LOCAL,RAW430,DOI exact match or normalized title similarity >= 0.94,D01_duplicate_of_RAW430
RAW589,A Compensation Matrix Based Model Predictive Control Structure for Manufacturing,,local_cleaned_papers,LOCAL,RAW431,DOI exact match or normalized title similarity >= 0.94,D01_duplicate_of_RAW431
RAW590,FLTrans-Net: transformer-based feature learning network for wheat head detection,,local_cleaned_papers,LOCAL,RAW432,DOI exact match or normalized title similarity >= 0.94,D01_duplicate_of_RAW432
RAW591,"Smart Farming, Smarter Solutions: Revolutionizing Agriculture with Artificial Intelligence",,local_cleaned_papers,LOCAL,RAW433,DOI exact match or normalized title similarity >= 0.94,D01_duplicate_of_RAW433
RAW592,Q-learning-based semi-fixed clustering routing algorithm in WSNs,,local_cleaned_papers,LOCAL,RAW435,DOI exact match or normalized title similarity >= 0.94,D01_duplicate_of_RAW435
RAW593,Towards an intelligent and automatic irrigation system based on internet of things,,local_cleaned_papers,LOCAL,RAW436,DOI exact match or normalized title similarity >= 0.94,D01_duplicate_of_RAW436
RAW594,Research and Development of an IoT Smart Irrigation System for Farmland Based on LoRa,,local_cleaned_papers,LOCAL,RAW437,DOI exact match or normalized title similarity >= 0.94,D01_duplicate_of_RAW437
RAW595,Dynamic Self-Triggered Intelligent Path Tracking Control via Reinforcement Learning,,local_cleaned_papers,LOCAL,RAW438,DOI exact match or normalized title similarity >= 0.94,D01_duplicate_of_RAW438
RAW596,Optimal Yaw Attitude Tracking Control of Maglev Cars Via Reinforcement Learning-Based MPC,,local_cleaned_papers,LOCAL,RAW439,DOI exact match or normalized title similarity >= 0.94,D01_duplicate_of_RAW439
RAW597,Immersion and Invariance Adaptive Control for Unmanned Helicopter,,local_cleaned_papers,LOCAL,RAW440,DOI exact match or normalized title similarity >= 0.94,D01_duplicate_of_RAW440
RAW598,LoRA-Augmented ConvMixed-ViT Architecture for Adaptive Compressive Sensing in AIoT,,local_cleaned_papers,LOCAL,RAW441,DOI exact match or normalized title similarity >= 0.94,D01_duplicate_of_RAW441
RAW599,Observer-based reinforcement learning for optimal fault-tolerant consensus control,,local_cleaned_papers,LOCAL,RAW442,DOI exact match or normalized title similarity >= 0.94,D01_duplicate_of_RAW442
RAW600,Using multi-sensor data fusion techniques and machine learning algorithms for UAV-based yield prediction,,local_cleaned_papers,LOCAL,RAW443,DOI exact match or normalized title similarity >= 0.94,D01_duplicate_of_RAW443
RAW601,Gateway configuration in 2.4 GHz LoRa networks,,local_cleaned_papers,LOCAL,RAW444,DOI exact match or normalized title similarity >= 0.94,D01_duplicate_of_RAW444
RAW602,"Climate change, water resources and sustainable agriculture: Impact, adaptation and mitigation",,local_cleaned_papers,LOCAL,RAW445,DOI exact match or normalized title similarity >= 0.94,D01_duplicate_of_RAW445
RAW603,IoT-based intelligent pest management system for precision agriculture,,local_cleaned_papers,LOCAL,RAW447,DOI exact match or normalized title similarity >= 0.94,D01_duplicate_of_RAW447
RAW604,"Application of smart techniques, internet of things and data mining for sustainable crop production",,local_cleaned_papers,LOCAL,RAW448,DOI exact match or normalized title similarity >= 0.94,D01_duplicate_of_RAW448
RAW605,Internet-of-Things (IoT)-based smart agriculture: Toward making the fields talk,,local_cleaned_papers,LOCAL,RAW450,DOI exact match or normalized title similarity >= 0.94,D01_duplicate_of_RAW450
RAW606,Feature Selection for Portable Spectral Sensing Data of Soil Using Broad Learning Network,,local_cleaned_papers,LOCAL,RAW452,DOI exact match or normalized title similarity >= 0.94,D01_duplicate_of_RAW452
RAW607,The effect of biologically mediated decay rates on modelling soil carbon sequestration,,local_cleaned_papers,LOCAL,RAW453,DOI exact match or normalized title similarity >= 0.94,D01_duplicate_of_RAW453
RAW608,Design of an Internet of Things (IoT)-based photosynthetically active radiation (PAR) monitoring system,,local_cleaned_papers,LOCAL,RAW454,DOI exact match or normalized title similarity >= 0.94,D01_duplicate_of_RAW454
RAW609,Transformative technologies in digital agriculture: Leveraging Internet of Things and AI,,local_cleaned_papers,LOCAL,RAW457,DOI exact match or normalized title similarity >= 0.94,D01_duplicate_of_RAW457
RAW610,Machine learning enabled IoT system for soil nutrients monitoring and crop recommendation,,local_cleaned_papers,LOCAL,RAW460,DOI exact match or normalized title similarity >= 0.94,D01_duplicate_of_RAW460
RAW611,An eXplainable AI (XAI) model for text-based patent novelty analysis,,local_cleaned_papers,LOCAL,RAW461,DOI exact match or normalized title similarity >= 0.94,D01_duplicate_of_RAW461
RAW612,Enhancing smart farming through the applications of Agriculture 4.0 technologies,,local_cleaned_papers,LOCAL,RAW462,DOI exact match or normalized title similarity >= 0.94,D01_duplicate_of_RAW462
RAW613,Smart water management platform: IoT-based precision irrigation for agriculture,,local_cleaned_papers,LOCAL,RAW464,DOI exact match or normalized title similarity >= 0.94,D01_duplicate_of_RAW464
RAW614,An effective hybrid attention model for crop yield prediction,,local_cleaned_papers,LOCAL,RAW467,DOI exact match or normalized title similarity >= 0.94,D01_duplicate_of_RAW467
RAW615,"From Industry 4.0 to Agriculture 4.0: Current Status, Enabling Technologies, and Research Challenges",,local_cleaned_papers,LOCAL,RAW471,DOI exact match or normalized title similarity >= 0.94,D01_duplicate_of_RAW471
RAW616,Malicious detection model with artificial neural network in IoT-based smart farming security,,local_cleaned_papers,LOCAL,RAW474,DOI exact match or normalized title similarity >= 0.94,D01_duplicate_of_RAW474
RAW617,IoT-based smart irrigation management system to enhance agricultural water security,,local_cleaned_papers,LOCAL,RAW475,DOI exact match or normalized title similarity >= 0.94,D01_duplicate_of_RAW475
RAW618,Towards sustainable agriculture: Harnessing AI for global food security,,local_cleaned_papers,LOCAL,RAW477,DOI exact match or normalized title similarity >= 0.94,D01_duplicate_of_RAW477
RAW619,An ingenious IoT-based crop prediction system using ML and EL,,local_cleaned_papers,LOCAL,RAW478,DOI exact match or normalized title similarity >= 0.94,D01_duplicate_of_RAW478
RAW620,Smart Crop Recommender System-A Machine Learning Approach,,local_cleaned_papers,LOCAL,RAW479,DOI exact match or normalized title similarity >= 0.94,D01_duplicate_of_RAW479
RAW621,Agriculture 4.0 and smart sensors: the scientific evolution of digital agriculture,,local_cleaned_papers,LOCAL,RAW481,DOI exact match or normalized title similarity >= 0.94,D01_duplicate_of_RAW481
RAW622,An improved random forest based on the classification accuracy and correlation measurement,,local_cleaned_papers,LOCAL,RAW482,DOI exact match or normalized title similarity >= 0.94,D01_duplicate_of_RAW482
RAW623,Performance Evaluation of Unsupervised Learning in Optimization of IOT-based Irrigation System,,local_cleaned_papers,LOCAL,RAW483,DOI exact match or normalized title similarity >= 0.94,D01_duplicate_of_RAW483
RAW624,Construction and comprehensive evaluation of an index system for climate-smart agricultural development in China,,local_cleaned_papers,LOCAL,RAW485,DOI exact match or normalized title similarity >= 0.94,D01_duplicate_of_RAW485
RAW625,Fast generalized ramp loss support vector machine for pattern classification,,local_cleaned_papers,LOCAL,RAW486,DOI exact match or normalized title similarity >= 0.94,D01_duplicate_of_RAW486
RAW626,IoT-based system of prevention and control for crop diseases and insect pests,,local_cleaned_papers,LOCAL,RAW487,DOI exact match or normalized title similarity >= 0.94,D01_duplicate_of_RAW487
RAW627,Monitoring citrus soil moisture and nutrients using an IoT-based system,,local_cleaned_papers,LOCAL,RAW489,DOI exact match or normalized title similarity >= 0.94,D01_duplicate_of_RAW489
