key,bib_title,bib_year,bib_author,bib_doi,verified_title,verified_year,verified_author,verified_doi,match_score,match_status,provider,is_mismatch
chang2015using,Using a Novel Wireless-Networked Decentralized Control Scheme under Unpredictable Environmental Conditions,2015,"Chang, Chung-Liang and Huang, Yi-Ming and Hong, Guo-Fong",,Using a Novel Wireless-Networked Decentralized Control Scheme under Unpredictable Environmental Conditions,2015,"Chang, Chung-Liang, Huang, Yi-Ming, Hong, Guo-Fong",10.3390/s151128690,1.0,high,crossref,no
ibrahim2018high,A high availability networked control system architecture for precision agriculture,2018,"Ibrahim, Hassan and Mostafa, Norhan and Halawa, Hassan and Elsalamouny, Malak and Daoud, Ramez and Amer, Hassanein and Shaarawi, Amr and Khattab, Ahmed and ElSayed, Hany",,A High Availability Networked Control System Architecture for Precision Agriculture,2018,"Ibrahim, Hassan, Mostafa, Norhan, Halawa, Hassan, Elsalamouny, Malak, Daoud, Ramez, Amer, Hassanein, Shaarawi, Amr, Khattab, Ahmed, ElSayed, Hany",10.1109/comapp.2018.8460420,1.0,high,crossref,no
ibrahim2019layered,A layered IoT architecture for greenhouse monitoring and remote control,2019,"Ibrahim, Hassan and Mostafa, Norhan and Halawa, Hassan and Elsalamouny, Malak and Daoud, Ramez and Amer, Hassanein and Adel, Yasmine and Shaarawi, Amr and Khattab, Ahmed and ElSayed, Hany",,A layered IoT architecture for greenhouse monitoring and remote control,2019,"Ibrahim, Hassan, Mostafa, Norhan, Halawa, Hassan, Elsalamouny, Malak, Daoud, Ramez, Amer, Hassanein, Adel, Yasmine, Shaarawi, Amr, Khattab, Ahmed, ElSayed, Hany",10.1007/s42452-019-0227-8,1.0,high,crossref,no
zhang2019networked,Networked control systems: A survey of trends and techniques,2020,"Zhang, Xian-Ming and Han, Qing-Long and Ge, Xiaohua and Ding, Derui and Ding, Lei and Yue, Dong and Peng, Chen",,Networked control systems: a survey of trends and techniques,2020,"Zhang, Xian-Ming, Han, Qing-Long, Ge, Xiaohua, Ding, Derui, Ding, Lei, Yue, Dong, Peng, Chen",10.1109/jas.2019.1911651,1.0,high,crossref,no
tipsuwan2003control,Control methodologies in networked control systems,2003,"Tipsuwan, Yodyium and Chow, Mo-Yuen",,Control methodologies in networked control systems,2003,"Tipsuwan, Yodyium, Chow, Mo-Yuen",10.1016/s0967-0661(03)00036-4,1.0,high,crossref,no
hespanha2007survey,A survey of recent results in networked control systems,2007,"Hespanha, Joo P and Naghshtabrizi, Payam and Xu, Yonggang",,A Survey of Recent Results in Networked Control Systems,2007,"Hespanha, Joo P., Naghshtabrizi, Payam, Xu, Yonggang",10.1109/jproc.2006.887288,1.0,high,crossref,no
zhang2001stability,Stability of networked control systems,2001,"Zhang, Wei and Branicky, Michael S and Phillips, Stephen M",,Stability of networked control systems,2001,,10.1109/37.898794,1.0,high,crossref,no
tabuada2007event,Event-triggered real-time scheduling of stabilizing control tasks,2007,"Tabuada, Paulo",,Event-Triggered Real-Time Scheduling of Stabilizing Control Tasks,2007,"Tabuada, Paulo",10.1109/tac.2007.904277,1.0,high,crossref,no
heemels2012introduction,An introduction to event-triggered and self-triggered control,2012,"Heemels, Wilhelmus PMH and Johansson, Karl Henrik and Tabuada, Paulo",,An introduction to event-triggered and self-triggered control,2012,"Heemels, W.P.M.H., Johansson, K.H., Tabuada, P.",10.1109/cdc.2012.6425820,1.0,high,crossref,no
donkers2011output,Output-Based Event-Triggered Control With Guaranteed $\mathcal{L}_{\infty}$-Gain and Improved and Decentralized Event-Triggering,2011,"Donkers, MCF and Heemels, WPMH",,Output-Based Event-Triggered Control With Guaranteed ${\cal L}_{\infty}$-Gain and Improved and Decentralized Event-Triggering,2012,"Donkers, M. C. F., Heemels, W. P. M. H.",10.1109/tac.2011.2174696,0.983,high,crossref,yes
lozoya2021energy,Energy-efficient wireless communication strategy for precision agriculture irrigation control,2021,"Lozoya, Camilo and Favela-Contreras, Antonio and Aguilar-Gonzalez, Alberto and F{\'e}lix-Herr{\'a}n, Luis Carlos and Orona, Luis",,Energy-Efficient Wireless Communication Strategy for Precision Agriculture Irrigation Control,2021,"Lozoya, Camilo, Favela-Contreras, Antonio, Aguilar-Gonzalez, Alberto, Félix-Herrán, L.C., Orona, Luis",10.3390/s21165541,1.0,high,crossref,no
dobrescu2019context,Context-aware control and monitoring system with IoT and cloud support,2019,"Dobrescu, Radu and Merezeanu, Daniel and Mocanu, Stefan",,Context-aware control and monitoring system with IoT and cloud support,2019,"Dobrescu, Radu, Merezeanu, Daniel, Mocanu, Stefan",10.1016/j.compag.2019.03.005,1.0,high,crossref,no
navarro2020systematic,A systematic review of IoT solutions for smart farming,2020,"Navarro, Emerson and Costa, Nuno and Pereira, Ant{\'o}nio",,A Systematic Review of IoT Solutions for Smart Farming,2020,"Navarro, Emerson, Costa, Nuno, Pereira, António",10.3390/s20154231,1.0,high,crossref,no
soussi2024smart,Smart sensors and smart data for precision agriculture: a review,2024,"Soussi, Abdellatif and Zero, Enrico and Sacile, Roberto and Trinchero, Daniele and Fossa, Marco",,Smart Sensors and Smart Data for Precision Agriculture: A Review,2024,"Soussi, Abdellatif, Zero, Enrico, Sacile, Roberto, Trinchero, Daniele, Fossa, Marco",10.3390/s24082647,1.0,high,crossref,no
garcia2020iot,IoT-based smart irrigation systems: An overview on the recent trends on sensors and IoT systems for irrigation in precision agriculture,2020,"Garc{\'\i}a, Laura and Parra, Lorena and Jimenez, Jose M and Lloret, Jaime and Lorenz, Pascal",,IoT-Based Smart Irrigation Systems: An Overview on the Recent Trends on Sensors and IoT Systems for Irrigation in Precision Agriculture,2020,"García, Laura, Parra, Lorena, Jimenez, Jose M., Lloret, Jaime, Lorenz, Pascal",10.3390/s20041042,1.0,high,crossref,yes
singh2020leveraging,Leveraging LoRaWAN technology for precision agriculture in greenhouses,2020,"Singh, Ritesh Kumar and Aernouts, Michiel and De Meyer, Mats and Weyn, Maarten and Berkvens, Rafael",,Leveraging LoRaWAN Technology for Precision Agriculture in Greenhouses,2020,"Singh, Ritesh, Aernouts, Michiel, De Meyer, Mats, Weyn, Maarten, Berkvens, Rafael",10.3390/s20071827,1.0,high,crossref,no
mahmoud2018fundamental,Fundamental issues in networked control systems,2018,"Mahmoud, Magdi S and Hamdan, Mutaz M",,Fundamental issues in networked control systems,2018,"Mahmoud, Magdi S., Hamdan, Mutaz M.",10.1109/jas.2018.7511162,1.0,high,crossref,no
nowzari2019event,Event-triggered communication and control of networked systems for multi-agent consensus,2019,"Nowzari, Cameron and Garcia, Eloy and Cort{\'e}s, Jorge",,Event-triggered communication and control of networked systems for multi-agent consensus,2019,"Nowzari, Cameron, Garcia, Eloy, Cortés, Jorge",10.1016/j.automatica.2019.03.009,1.0,high,crossref,no
ge2021dynamic,Dynamic event-triggered control and estimation: A survey,2021,"Ge, Xiaohua and Han, Qing-Long and Zhang, Xian-Ming and Ding, Derui",,Dynamic Event-triggered Control and Estimation: A Survey,2021,"Ge, Xiaohua, Han, Qing-Long, Zhang, Xian-Ming, Ding, Derui",10.1007/s11633-021-1306-z,1.0,high,crossref,no
page2021prisma,The PRISMA 2020 statement: an updated guideline for reporting systematic reviews,2021,"Page, Matthew J and McKenzie, Joanne E and Bossuyt, Patrick M and Boutron, Isabelle and Hoffmann, Tammy C and Mulrow, Cynthia D and Shamseer, Larissa and Tetzlaff, Jennifer M and Akl, Elie A and Brennan, Sue E and others",,The PRISMA 2020 statement: an updated guideline for reporting systematic reviews,2021,"Page, Matthew J, McKenzie, Joanne E, Bossuyt, Patrick M, Boutron, Isabelle, Hoffmann, Tammy C, Mulrow, Cynthia D, Shamseer, Larissa, Tetzlaff, Jennifer M, Akl, Elie A, Brennan, Sue E, Chou, Roger, Glanville, Julie, Grimshaw, Jeremy M, Hróbjartsson, Asbjørn, Lalu, Manoj M, Li, Tianjing, Loder, Elizabeth W, Mayo-Wilson, Evan, McDonald, Steve, McGuinness, Luke A, Stewart, Lesley A, Thomas, James, Tricco, Andrea C, Welch, Vivian A, Whiting, Penny, Moher, David",10.1136/bmj.n71,1.0,high,crossref,no
gs2019smart,Smart \& green: An internet-of-things framework for smart irrigation,2019,"GS Campos, Nidia and Rocha, Atslands R and Gondim, Rubens and Coelho da Silva, Ticiana L and Gomes, Danielo G",,Smart &amp; Green: An Internet-of-Things Framework for Smart Irrigation,2019,"G. S. Campos, Nidia, Rocha, Atslands R., Gondim, Rubens, Coelho da Silva, Ticiana L., Gomes, Danielo G.",10.3390/s20010190,0.97,high,crossref,yes
ferentinos2017wireless,Wireless sensor networks for greenhouse climate and plant condition assessment,2017,"Ferentinos, Konstantinos P and Katsoulas, Nikolaos and Tzounis, Antonis and Bartzanas, Thomas and Kittas, Constantinos",,Wireless sensor networks for greenhouse climate and plant condition assessment,2017,"Ferentinos, Konstantinos P., Katsoulas, Nikolaos, Tzounis, Antonis, Bartzanas, Thomas, Kittas, Constantinos",10.1016/j.biosystemseng.2016.11.005,1.0,high,crossref,no
pawlowski2017evaluation,Evaluation of event-based irrigation system control scheme for tomato crops in greenhouses,2017,"Pawlowski, A and S{\'a}nchez-Molina, JA and Guzm{\'a}n, JL and Rodr{\'\i}guez, F and Dormido, SJAWM",,Evaluation of event-based irrigation system control scheme for tomato crops in greenhouses,2017,"Pawlowski, A., Sánchez-Molina, J.A., Guzmán, J.L., Rodríguez, F., Dormido, S.",10.1016/j.agwat.2016.08.008,1.0,high,crossref,no
platero2024enhancing,Enhancing greenhouse efficiency: Integrating IoT and reinforcement learning for optimized climate control,2024,"Platero-Horcajadas, Manuel and Pardo-Pina, Sofia and C{\'a}mara-Zapata, Jos{\'e}-Mar{\'\i}a and Brenes-Carranza, Jos{\'e}-Antonio and Ferr{\'a}ndez-Pastor, Francisco-Javier",,Enhancing Greenhouse Efficiency: Integrating IoT and Reinforcement Learning for Optimized Climate Control,2024,"Platero-Horcajadas, Manuel, Pardo-Pina, Sofia, Cámara-Zapata, José-María, Brenes-Carranza, José-Antonio, Ferrández-Pastor, Francisco-Javier",10.3390/s24248109,1.0,high,crossref,no
pham2021using,Using the Internet of Things to promote alternate wetting and drying irrigation for rice in Vietnam’s Mekong Delta,2021,"Pham, Vu Bang and Diep, Thanh Tung and Fock, Karin and Nguyen, Thai Son",,Using the Internet of Things to promote alternate wetting and drying irrigation for rice in Vietnam’s Mekong Delta,2021,"Pham, Vu Bang, Diep, Thanh Tung, Fock, Karin, Nguyen, Thai Son",10.1007/s13593-021-00705-z,1.0,high,crossref,no
van2019construction,Construction of a VPN System for Remote Programming and Monitoring of Environmental Parameters for Serving Plant Production in Greenhouses,2019,"Van Dieu, Nguyen and Duong, Ngo Tri",,Construction of a VPN System for Remote Programming and Monitoring of Environmental Parameters for Serving Plant Production in Greenhouses,2019,"Dieu, Nguyen Van, Ngo, Duong Tri",10.31817/vjas.2019.2.1.05,1.0,high,crossref,yes
huynh2023smart,Smart greenhouse construction and irrigation control system for optimal Brassica Juncea development,2023,"Huynh, Hiep Xuan and Tran, Linh Nhut and Duong-Trung, Nghia",,Smart greenhouse construction and irrigation control system for optimal Brassica Juncea development,2023,"Huynh, Hiep Xuan, Tran, Linh Nhut, Duong-Trung, Nghia",10.1371/journal.pone.0292971,1.0,high,crossref,no
trangcong,c{\^o}ng nghệ kết nối trong sản xuất n{\^o}ng nghiệp th{\^o}ng minh v{\`a} {\dj}ịnh hướng cho Việt nam,,"Trang, Lưu Thị Quỳnh and Huy, Vương Quang and Trung, V{\~u} Minh and Sơn, Nguyễn Trường and H{\`a}, Chu {\DJ}ức",,Các yếu tố ảnh hưởng đến dự định ứng dụng công nghệ cao trong sản xuất nông nghiệp của thanh niên Việt Nam,2024,"Lê Thu, Hạnh, Cấn Thị Thu, Hương",10.54404/jts.2024.196v.02,0.587,low,crossref,yes
davcic2007quadratic,Quadratic stabilization of linear networked control systems via simultaneous protocol and controller design,2007,"Da{\v{c}}i{\'c}, Dragan B and Ne{\v{s}}i{\'c}, Dragan",,Quadratic stabilization of linear networked control systems via simultaneous protocol and controller design,2007,"Dačić, Dragan B., Nešić, Dragan",10.1016/j.automatica.2006.12.027,1.0,high,crossref,yes
peng2018survey,A survey on recent advances in event-triggered communication and control,2018,"Peng, Chen and Li, Fuqiang",,A survey on recent advances in event-triggered communication and control,2018,"Peng, Chen, Li, Fuqiang",10.1016/j.ins.2018.04.055,1.0,high,crossref,no
rethlefsen2021prisma,PRISMA-S: an extension to the PRISMA statement for reporting literature searches in systematic reviews,2021,"Rethlefsen, Melissa L and Kirtley, Shona and Waffenschmidt, Siw and Ayala, Ana Patricia and Moher, David and Page, Matthew J and Koffel, Jonathan B",,PRISMA-S: an extension to the PRISMA Statement for Reporting Literature Searches in Systematic Reviews,2021,"Rethlefsen, Melissa L., Kirtley, Shona, Waffenschmidt, Siw, Ayala, Ana Patricia, Moher, David, Page, Matthew J., Koffel, Jonathan B., , , Blunt, Heather, Brigham, Tara, Chang, Steven, Clark, Justin, Conway, Aislinn, Couban, Rachel, de Kock, Shelley, Farrah, Kelly, Fehrmann, Paul, Foster, Margaret, Fowler, Susan A., Glanville, Julie, Harris, Elizabeth, Hoffecker, Lilian, Isojarvi, Jaana, Kaunelis, David, Ket, Hans, Levay, Paul, Lyon, Jennifer, McGowan, Jessie, Murad, M. Hassan, Nicholson, Joey, Pannabecker, Virginia, Paynter, Robin, Pinotti, Rachel, Ross-White, Amanda, Sampson, Margaret, Shields, Tracy, Stevens, Adrienne, Sutton, Anthea, Weinfurter, Elizabeth, Wright, Kath, Young, Sarah",10.1186/s13643-020-01542-z,1.0,high,crossref,no
priem2022openalex,"OpenAlex: A fully-open index of scholarly works, authors, venues, institutions, and concepts",2022,"Priem, Jason and Piwowar, Heather and Orr, Richard",,"OpenAlex: A fully-open index of scholarly works, authors, venues, institutions, and concepts",2022,"Jason R Priem, Heather Piwowar, Richard A. Orr",10.5281/zenodo.6936227,1.0,high,openalex,yes
bramer2016deduplication,De-duplication of database search results for systematic reviews in EndNote,2016,"Bramer, Wichor M. and Giustini, Dean and de Jonge, Gerdien B. and Holland, Leslie and Bekhuis, Tanja",,De-duplication of database search results for systematic reviews in EndNote,2016,"Bramer, Wichor M., Giustini, Dean, de Jonge, Gerdien B., Holland, Leslie, Bekhuis, Tanja",10.3163/1536-5050.104.3.014,1.0,high,crossref,no
kwon2015reference,Identifying and removing duplicate records from systematic review searches,2015,"Kwon, Yoon and Lemieux, Monique and McTavish, Jill and Wathen, Nadine",10.3163/1536-5050.103.4.004,Identifying and removing duplicate records from systematic review searches,2015,"Kwon, Yoojin, Lemieux, Michelle, McTavish, Jill, Wathen, Nadine",10.3163/1536-5050.103.4.004,1.0,high,crossref,no
murad2019continuous,When continuous outcomes are measured using different scales: guide for meta-analysis and interpretation,2019,"Murad, Mohammad Hassan and Wang, Zhen and Chu, Haitao and Lin, Lifeng",,When continuous outcomes are measured using different scales: guide for meta-analysis and interpretation,2019,"Murad, Mohammad Hassan, Wang, Zhen, Chu, Haitao, Lin, Lifeng",10.1136/bmj.k4817,1.0,high,crossref,no
li2019collecting,Collecting data,2019,"Li, Tianjing and Higgins, Julian PT and Deeks, Jonathan J",,Collecting data,1992,"McDonald, Christine",10.1007/978-1-349-22297-1_6,1.0,high,crossref,yes
davcic2007quadratic,Quadratic stabilization of linear networked control systems via simultaneous protocol and controller design,2007,"Dačić, D. B. and Nešić, D.",,Quadratic stabilization of linear networked control systems via simultaneous protocol and controller design,2007,"Dačić, Dragan B., Nešić, Dragan",10.1016/j.automatica.2006.12.027,1.0,high,crossref,no
li2024eventtriggered,A Fixed-Time Consensus Control With Prescribed Performance for Multi-Agent Systems Under Full-State Constraints,2025,"Long, Shangbin and Huang, Weicong and Wang, Jianhui and Wang, Zian",10.1109/TASE.2024.3445135,A Fixed-Time Consensus Control With Prescribed Performance for Multi-Agent Systems Under Full-State Constraints,2025,"Long, Shangbin, Huang, Weicong, Wang, Jianhui, Liu, Jiarui, Gu, Yixiang, Wang, Zian",10.1109/TASE.2024.3445135,1.0,high,crossref,no
zhang2025lora,Research and Development of an IoT Smart Irrigation System for Farmland Based on LoRa and Edge Computing,2025,"Zhang, Ying and Wang, Xingchen and Jin, Liyong and Ni, Jun and Zhu, Yan and Cao, Weixing and Jiang, Xiaoping",10.3390/agronomy15020366,Research and Development of an IoT Smart Irrigation System for Farmland Based on LoRa and Edge Computing,2025,"Zhang, Ying, Wang, Xingchen, Jin, Liyong, Ni, Jun, Zhu, Yan, Cao, Weixing, Jiang, Xiaoping",10.3390/agronomy15020366,1.0,high,crossref,no
sagali2025lora,LoRa-Based Smart Agriculture Monitoring and Automatic Irrigation System,2025,"Enock, Kayembe Sagali and Sagali, Mungusa Jonas and Jeannick, Umba Ilunga and Chen, Daru",10.4236/jcc.2025.133001,LoRa-Based Smart Agriculture Monitoring and Automatic Irrigation System,2025,"Enock, Kayembe Sagali, Sagali, Mungusa Jonas, Jeannick, Umba Ilunga, Chen, Daru",10.4236/jcc.2025.133001,1.0,high,crossref,no
artetxe2024fuzzy,"Smart IoT Irrigation System Based on Fuzzy Logic, LoRa, and Cloud Integration",2024,"Artetxe, Eneko and Barambones, Oscar and Toral, Imanol Mart{\'\i}n and Uralde, J. and Calvo, I. and del Rio, Asier",10.3390/electronics13101949,"Smart IoT Irrigation System Based on Fuzzy Logic, LoRa, and Cloud Integration",2024,"Artetxe, Eneko, Barambones, Oscar, Martín Toral, Imanol, Uralde, Jokin, Calvo, Isidro, del Rio, Asier",10.3390/electronics13101949,1.0,high,crossref,no
froiz2020lorawan,"Design, Implementation, and Empirical Validation of an IoT Smart Irrigation System for Fog Computing Applications Based on LoRa and LoRaWAN Sensor Nodes",2020,"Froiz-M{\'\i}guez, I. and Lopez-Iturri, P. and Fraga-Lamas, P. and Celaya-Echarri, M. and Blanco-Novoa, O. and Azpilicueta, L. and Falcone, F. and Fern{\'a}ndez-Caram{\'e}s, T.M.",10.3390/s20236865,"Design, Implementation, and Empirical Validation of an IoT Smart Irrigation System for Fog Computing Applications Based on LoRa and LoRaWAN Sensor Nodes",2020,"Froiz-Míguez, Iván, Lopez-Iturri, Peio, Fraga-Lamas, Paula, Celaya-Echarri, Mikel, Blanco-Novoa, Óscar, Azpilicueta, Leyre, Falcone, Francisco, Fernández-Caramés, Tiago M.",10.3390/s20236865,1.0,high,crossref,yes
ahmed2025lora,Vegetation Effects on LoRa-Based Wireless Sensor Communication for Remote Monitoring of Automatic Orchard Irrigation Status,2025,"Ahmed, Shahriar and Reza, Md Nasim and Samsuzzaman and Karim, Md Rejaul and Jin, Hongbin and Kim, Heetae and Chung, Sun-Ok",10.3390/iot6010002,Vegetation Effects on LoRa-Based Wireless Sensor Communication for Remote Monitoring of Automatic Orchard Irrigation Status,2024,"Ahmed, Shahriar, Reza, Md Nasim, Samsuzzaman, , Karim, Md Rejaul, Jin, Hongbin, Kim, Heetae, Chung, Sun-Ok",10.3390/iot6010002,1.0,high,crossref,yes
patle2025wsn,Development and evaluation of wireless sensor network (WSN) based automated drip irrigation system under protected cultivation,2025,"Patle, Ghanshyam Tikaram and Kharpude, Sudhir Narayan and Rao, K. V. Ramana and Sharma, Vikram and Sherpa, Tshering and Rai, Bijay and Sopharat, Jessada",,WIRELESS SENSOR NETWORK BASED REMOTE DRIP IRRIGATION SYSTEM,2018,"Bingöl, Okan, Özkaya, Burçin, Bayram, Mustafa",10.21923/jesd.443576,0.612,low,crossref,yes
karunathilake2023smart,The Path to Smart Farming: Innovations and Opportunities in Precision Agriculture,2023,"Karunathilake, E. M. B. M. and Le, Anh Tuan and Heo, Seong and Chung, Yong Suk and Mansoor, Sheikh",10.3390/agriculture13081593,The Path to Smart Farming: Innovations and Opportunities in Precision Agriculture,2023,"Karunathilake, E. M. B. M., Le, Anh Tuan, Heo, Seong, Chung, Yong Suk, Mansoor, Sheikh",10.3390/agriculture13081593,1.0,high,crossref,no
rahman2023security,Security Protocols in Smart Agriculture: Challenges and Solutions,2023,"Rahman, Arafatur and Islam, Md Jahidul and Montieri, Antonio and Pescape, Antonio",10.1016/j.cose.2022.103025,A secure annuli CAPTCHA system,2023,"Zhang, Jie, Tsai, Min-Yen, Kitchat, Kotcharat, Sun, Min-Te, Sakai, Kazuya, Ku, Wei-Shinn, Surasak, Thattapon, Thaipisutikul, Tipajin",10.1016/j.cose.2022.103025,0.34,low,crossref,yes
yue2014event,Event-triggered predictive control for networked systems with communication delays compensation,2014,"Yue, Dong and Yin, Xiuxia and Hu, Songlin",10.1109/IECON.2014.7049044,Event-triggered predictive control for networked systems with communication delays compensation,2014,"Yue, Dong, Yin, Xiuxia, Hu, Songlin",10.1109/IECON.2014.7049044,1.0,high,crossref,no
vietnghien,Nghiên cứu kinh nghiệm phát triển nông nghiệp thông minh ở Israel và bài học rút ra đối với tỉnh Lâm Đồng,2022,"Trần, Viết Sung and T., X. Việt",,Kinh nghiệm phát triển nông nghiệp bền vững của Trung Quốc và bài học cho Việt Nam,2025,"Đỗ Thị, Ngân",10.66181/2025.04(12).05,0.67,low,crossref,yes
le2019iot,Thiết kế hệ thống giám sát nhà kính sử dụng cảm biến IoT và giao thức MQTT,2019,"Lê, Quang Huy",,Thiết kế mô hình hệ thống phanh chủ động sử dụng cảm biến siêu âm và cảm biến IR,2022,,10.57001/huih5804.93,0.643,low,crossref,yes
hanh2021greenhouse,Phát triển mô hình nhà kính thông minh sử dụng ESP8266 và giám sát qua Web,2021,"Nguyễn, Thị Hạnh",,NGHIÊN CỨU XÂY DỰNG MÔ HÌNH NHÀ THÔNG MINH SỬ DỤNG RASPBERRY PI 3,2025,"Hoàng Đại, Long, Trương Quốc, Khánh, Nguyễn Hoàng Thanh, Tùng, Nguyễn Văn, Ân",10.64302/joshusc.v31n1e.1334,0.576,low,crossref,yes
dung2023lora,Hệ thống giám sát và điều khiển tưới nước tự động sử dụng công nghệ LoRa tại khu vực nông thôn,2023,"Nguyễn, Quốc Dũng and cộng sự",,"GIẢI PHÁP IoT ĐỂ GIÁM SÁT, ĐIỀU KHIỂN HỆ THỐNG CHIẾU SÁNG CÔNG CỘNG ĐÔ THỊ SỬ DỤNG CÔNG NGHỆ LED TRÊN CƠ SỞ  CÔNG NGHỆ LoRa",2017,"Đào, Hà Mạnh, Hùng, Đỗ Xuân",10.15625/vap.2017.00027,0.691,low,crossref,yes
vinh2024aqua,Mô hình điều khiển giám sát chất lượng nước ao nuôi thủy sản dựa trên IoT và 4G,2024,"Trần, Quang Vinh",,THIẾT KẾ VÀ THI CÔNG HỆ THỐNG GIÁM SÁT CHẤT LƯỢNG NƯỚC THỜI GIAN THỰC NUÔI THỦY SẢN NƯỚC LỢ LỒNG BÈ,2021,"NGỌC TRÂN, LÊ",10.46242/jst-iuh.v45i01.1010,0.618,low,crossref,yes
phuc2022event,Thuật toán điều khiển kích hoạt sự kiện trong hệ thống giám sát tưới nhỏ giọt,2022,"Đoàn, Minh Phúc",,Xây dựng và điều khiển giám sát hệ thống nấu sữa thực vật tự động,2023,"Phạm, Trọng Nguyên, Nguyễn, Nguyễn Ngọc Châu, Nguyễn, Thị Thúy Hồng, Huỳnh, Phạm Bảo Ngọc, Nguyễn, Như Tương An, Đỗ, Vinh Quang",10.22144/ctu.jvn.2023.005,0.595,low,crossref,yes
dung2023codesign,Mô hình đồng thiết kế giao thức và bộ điều khiển trên nền tảng LoRa cho nhà kính,2023,"Trần, Hữu Dũng",,"THIẾT KẾ BỘ PHÁT XUNG, CHIA TẦN TRÊN NỀN TẢNG FPGA VÀ VHDL",2021,"Ngọc, Phạm Văn, Tùng, Nguyễn Thanh",10.34238/tnu-jst.5081,0.524,low,crossref,yes
hillel1998environmental,"Environmental Soil Physics: Fundamentals, Applications, and Environmental Considerations",1998,"Hillel, Daniel",,Soil Physics: Agricultural and Environmental Applications,2001,"Lal, R.",10.1097/00010694-200110000-00007,0.61,low,crossref,yes
vanhenten1994greenhouse,Greenhouse climate management: an optimal control approach,1994,"Van Henten, Eldert J.",,Greenhouse climate management : an optimal control approach,None,"van Henten, E.J.",10.18174/205106,1.0,high,crossref,yes
rodriquez2002dynamic,Modelling and simulation of greenhouse climate using {Dymola},2002,"Rodr{\'i}guez, F. and Berenguel, M. and Yebra, L. J. and Dormido, S.",10.3182/20020721-6-es-1901.01322,MODELLING AND SIMULATION OF GREENHOUSE CLIMATE USING DYMOLA,2002,"Rodríguez, F., Yebra, L.J., Berenguel, M., Dormido, S.",10.3182/20020721-6-es-1901.01322,1.0,high,crossref,yes
yue2004h,$H_\infty$ control of networked control systems with unknown transmission delay,2004,"Yue, D. and Han, Q.-L. and Lam, J.",,Event-Triggered $H_{\infty }$ Control of Networked Control Systems With Distributed Transmission Delay,2020,"Yan, Shen, Shen, Mouquan, Nguang, Sing Kiong, Zhang, Guangming",10.1109/tac.2019.2953460,0.814,medium,crossref,yes
zhang2013network,Networked control systems: A survey of trends and techniques,2020,"Zhang, Xian-Ming and Han, Qing-Long and Ge, Xiaohua and Ding, Derui and Ding, Lei and Yue, Dong and Peng, Chen",10.1109/JAS.2019.1911651,Networked control systems: a survey of trends and techniques,2020,"Zhang, Xian-Ming, Han, Qing-Long, Ge, Xiaohua, Ding, Derui, Ding, Lei, Yue, Dong, Peng, Chen",10.1109/JAS.2019.1911651,1.0,high,crossref,no
heinzelman2000energy,Energy-efficient communication protocol for wireless microsensor networks,2000,"Heinzelman, W. R. and Chandrakasan, A. and Balakrishnan, H.",,Energy-efficient communication protocol for wireless microsensor networks,None,"Heinzelman, W.R., Chandrakasan, A., Balakrishnan, H.",10.1109/hicss.2000.926982,1.0,high,crossref,yes
lyapunov1992general,The General Problem of the Stability of Motion,1892,"Lyapunov, Aleksandr Mikhailovich",,The general problem of the stability of motion,1992,"LYAPUNOV, A. M.",10.1080/00207179208934253,1.0,high,crossref,yes
krasovskii1963stability,Stability of Motion: Applications of Lyapunov's Second Method to Differential Systems and Equations with Delay,1963,"Krasovskii, Nikolai Nikolaevich",,Stability of Motion: Applications of Lyapunov's Second Method to Differential Systems and Equations with Delay,1963,N. N. Krasovskiĭ,,1.0,high,openalex,yes
boyd1994linear,Linear Matrix Inequalities in System and Control Theory,1994,"Boyd, Stephen and El Ghaoui, Laurent and Feron, Eric and Balakrishnan, Venkataramanan",,Linear Matrix Inequalities In System And Control Theory,1998,"Yaz, E.E.",10.1109/jproc.1998.735454,1.0,high,crossref,yes
choudhary2025overview,A Comprehensive Survey on Smart Agriculture using {IoT},2023,"Sinha, Bhumika and Dhanalakshmi, R.",10.1109/ICACRS58579.2023.10404197,A Comprehensive Survey on Smart Agriculture using IoT,2023,"Pavithra, R, Priyadharshini, M.Indira, DhivyaShree, M",10.1109/ICACRS58579.2023.10404197,1.0,high,crossref,yes
hasan2022deep,Deep Learning Techniques for Smart Agriculture Applications,2023,V. B. and Anitha and C. R. and Radhika,10.4018/978-1-6684-9975-7.ch001,Deep Learning Techniques for Smart Agriculture Applications,2023,"Mishra, Ankita, Banerjee, Sourik, Singh, Brijendra",10.4018/978-1-6684-9975-7.ch001,1.0,high,crossref,yes
liu2023survey,Survey of Intelligent Agricultural {IoT} Based on {5G},2023,"Liu, Jun and Shu, Lei and Lu, Xu and Liu, Ye",10.3390/electronics12102336,Survey of Intelligent Agricultural IoT Based on 5G,2023,"Liu, Jun, Shu, Lei, Lu, Xu, Liu, Ye",10.3390/electronics12102336,1.0,high,crossref,no
rafi2025reliable,"Reliable and Cost-Efficient {IoT} Connectivity for Smart Agriculture: A Comparative Study of {LPWAN}, {5G}, and Hybrid Connectivity Models",2026,"Rafi, Mohamed Shabeer Mohamed and Behjati, Mehran and Rafsanjani, Ahmad Sahban",10.1007/978-3-032-08240-4_33,"Reliable and Cost-Efficient IoT Connectivity for Smart Agriculture: A Comparative Study of LPWAN, 5G, and Hybrid Connectivity Models",2026,"Rafi, Mohamed Shabeer Mohamed, Behjati, Mehran, Rafsanjani, Ahmad Sahban",10.1007/978-3-032-08240-4_33,1.0,high,crossref,no
loracom2024,LoRa Communication Standards for Agriculture 4.0: Technical Report,2024,{LoRa Alliance},,Report Communication Standards,2017,"Ranschaert, Erik R., Bosmans, Jan M. L.",10.1007/174_2017_113,0.547,low,crossref,yes
nawaz2024aiot,{AIoT} in Agriculture,2025,"Sangeetha, S. and Sanjana, N. and Kirthika, K. M. and Immanual, R.",10.1201/9781003482338-8,AIoT in Agriculture,2025,"Sangeetha, S., Sanjana, N., Kirthika, K.M., Immanual, R.",10.1201/9781003482338-8,1.0,high,crossref,no
zhao2023encrypted,Secure Adaptive Control of Linear Networked Systems Using Paillier Encryption,2024,"Shi, Yongxia and Nekouei, Ehsan",10.1109/TCSI.2024.3401223,Secure Adaptive Control of Linear Networked Systems Using Paillier Encryption,2024,"Shi, Yongxia, Nekouei, Ehsan",10.1109/TCSI.2024.3401223,1.0,high,crossref,no
eladl2024drones,Smart Agriculture Based on {IoT} Using Drones: A Survey,2024,"Eladl, Shymaa G. and ZainEldin, Hanaa Y. and Haikal, Amira Y. and Saafan, Mahmoud M.",10.58491/2735-4202.3211,Smart Agriculture Based On IOT Using Drones: A Survey,2024,"Eladl, Shymaa G., ZainEldin, Hanaa Y., Haikal, Amira Y., Saafan, Mahmoud M.",10.58491/2735-4202.3211,1.0,high,crossref,no
higgins2019cochrane,Assessing Risk of Bias in a Randomized Trial,2019,"Higgins, Julian PT and Savovi{\'c}, Jelena and Page, Matthew J and Elbers, Roy G and Sterne, Jonathan AC",,Assessing risk of bias in a randomized trial,2019,"Higgins, Julian PT, Savović, Jelena, Page, Matthew J, Elbers, Roy G, Sterne, Jonathan AC",10.1002/9781119536604.ch8,1.0,high,crossref,no
astrom2006advanced,Feedback Systems: An Introduction for Scientists and Engineers,2008,"{\AA}str{\""o}m, Karl Johan and Murray, Richard M",,Feedback systems: an introduction for scientists and engineers,2010,"Macgregor, Peter",10.1017/s002555720000749x,1.0,high,crossref,yes
gu2003stability,Stability of Time-Delay Systems,2003,"Gu, Keqin and Chen, Jie and Kharitonov, Vladimir L",,Stability of Time-Delay Systems,2019,"Kwon, Wook Hyun, Park, PooGyeon",10.1007/978-3-319-92704-6_2,1.0,high,crossref,yes
luenberger1971introduction,An Introduction to Observers,1971,"Luenberger, David G",10.1109/TAC.1971.1099826,An introduction to observers,1971,"Luenberger, D.",10.1109/TAC.1971.1099826,1.0,high,crossref,no
zames1981feedback,"Feedback and Optimal Sensitivity: Model Reference Transformations, Multiplicative Seminorms, and Approximate Inverses",1981,"Zames, George",,"Feedback and Optimal Sensitivity: Model Reference Transformations, Multiplicative Seminorms, and Approximate Inverses",2009,,10.1109/9780470544334.ch25,1.0,high,crossref,yes
caceres2023mpc,Reinforcement Learning versus Model Predictive Control on Greenhouse Climate Control,2023,"Morcego, Bernardo and Yin, Wenjie and van Henten, Eldert J. and Stanghellini, Cecilia and van Mourik, Simon",10.1016/j.compag.2023.108372,Reinforcement Learning versus Model Predictive Control on greenhouse climate control,2023,"Morcego, Bernardo, Yin, Wenjie, Boersma, Sjoerd, van Henten, Eldert, Puig, Vicenç, Sun, Congcong",10.1016/j.compag.2023.108372,1.0,high,crossref,no
huong2024enhancing,Implementation of Artificial Intelligence in Agriculture for Optimisation of Irrigation and Application of Pesticides and Herbicides,2020,"Talaviya, Tanha and Shah, Dhara and Patel, Nivedita and Yagnik, Hitesh and Shah, Manan",10.1016/j.aiia.2020.04.002,Implementation of artificial intelligence in agriculture for optimisation of irrigation and application of pesticides and herbicides,2020,"Talaviya, Tanha, Shah, Dhara, Patel, Nivedita, Yagnik, Hiteshri, Shah, Manan",10.1016/j.aiia.2020.04.002,1.0,high,crossref,no
walsh2002stability,Stability analysis of networked control systems,2002,"Walsh, Gregory C and Beldiman, Octavian and Bushnell, Linda G",,Stability analysis of networked control systems,1999,,10.1109/acc.1999.786599,1.0,high,crossref,yes
nesic2004input,Input-to-state stability of networked control systems,2004,"Nesic, Dragan and Teel, Andrew R",,Input-to-state stability of networked control systems,2004,"Nešić, D., Teel, A.R.",10.1016/j.automatica.2004.07.003,1.0,high,crossref,yes
camacho2013model,Model predictive control,2013,"Camacho, Eduardo F and Alba, Carlos Bordons",,Model Predictive Control,2016,,10.1201/b11674-23,1.0,high,crossref,yes
lewis2020rag,Retrieval-Augmented Generation for Knowledge-Intensive NLP Tasks,2020,"Lewis, Patrick and Perez, Ethan and Piktus, Aleksandra and Petroni, Fabio and Karpukhin, Vladimir and Goyal, Naman and K{\""u}ttler, Heinrich and Lewis, Mike and Yih, Wen-tau and Rockt{\""a}schel, Tim and others",,Retrieval-Augmented Generation for Knowledge-Intensive NLP Tasks,2020,"Patrick Lewis, Ethan Perez, Aleksandra Piktus, Fabio Petroni, Vladimir Karpukhin, Naman Goyal, Heinrich Küttler, Mike Lewis, Wen-tau Yih, Tim Rocktäschel, Sebastian Riedel, Douwe Kiela",,1.0,high,openalex,yes
lorawan_spec,LoRaWAN Specification v1.1,2017,,,Multi-hop LoRaWAN uplink extension: specification and prototype implementation,2020,"Dias, José, Grilo, António",10.1007/s12652-019-01207-3,0.447,low,crossref,yes
campbell2020swim,Synthesis without meta-analysis (SWiM) in systematic reviews: reporting guideline,2020,"Campbell, Mhairi and McKenzie, Joanne E. and Sowden, Amanda and Katikireddi, Srinivasa Vittal and Brennan, Sue E. and Ellis, Simon and Hartmann-Boyce, Jamie and Ryan, Rebecca and Shepperd, Sasha and Thomas, James and Welch, Vivian and Thomson, Hilary",10.1136/bmj.l6890,Synthesis without meta-analysis (SWiM) in systematic reviews: reporting guideline,2020,"Campbell, Mhairi, McKenzie, Joanne E, Sowden, Amanda, Katikireddi, Srinivasa Vittal, Brennan, Sue E, Ellis, Simon, Hartmann-Boyce, Jamie, Ryan, Rebecca, Shepperd, Sasha, Thomas, James, Welch, Vivian, Thomson, Hilary",10.1136/bmj.l6890,1.0,high,crossref,no
jiang2010distributed,A Distributed {CSMA} Algorithm for Throughput-Utility Maximization in Wireless Networks,2010,"Jiang, Libin and Walrand, Jean",10.1109/TNET.2009.2034176,A distributed CSMA algorithm for throughput and utility maximization in wireless networks,2008,"Jiang, Libin, Walrand, Jean",10.1109/allerton.2008.4797741,0.977,high,crossref,yes
neely2010stochastic,Stochastic network optimization with application to communication and queueing systems,2010,"Neely, Michael J.",10.2200/S00271ED1V01Y201006CNT007,Stochastic Network Optimization with Application to Communication and Queueing Systems,2010,"Neely, Michael J.",10.2200/S00271ED1V01Y201006CNT007,1.0,high,crossref,no
Stricker_2023,Self-triggered Control with Energy Harvesting Sensor Nodes,2023,"Stricker, Naomi and Lian, Yingzhao and Jiang, Yuning and Jones, Colin N. and Thiele, Lothar",10.1145/3597311,Self-triggered Control with Energy Harvesting Sensor Nodes,2023,"Stricker, Naomi, Lian, Yingzhao, Jiang, Yuning, Jones, Colin N., Thiele, Lothar",10.1145/3597311,1.0,high,crossref,no
Aranda_Escolastico_2015,Stability of output event-based control systems through quadratic trigger functions,2015,"Aranda-Escolastico, Ernesto and Guinaldo, Maria and Dormido, Sebastian",10.1109/etfa.2015.7301402,Stability of output event-based control systems through quadratic trigger functions,2015,"Aranda-Escolastico, Ernesto, Guinaldo, Maria, Dormido, Sebastian",10.1109/etfa.2015.7301402,1.0,high,crossref,no
Wu_2013,Event-Based Sensor Data Scheduling: Trade-Off Between Communication Rate and Estimation Quality,2013,"Wu, Junfeng and Jia, Qing-Shan and Johansson, Karl Henrik and Shi, Ling",10.1109/tac.2012.2215253,Event-Based Sensor Data Scheduling: Trade-Off Between Communication Rate and Estimation Quality,2013,"Wu, Junfeng, Jia, Qing-Shan, Johansson, Karl Henrik, Shi, Ling",10.1109/tac.2012.2215253,1.0,high,crossref,no
Tan_2025,Event-Triggered Control for Scalar Networked Systems with Random Delays,2025,"Tan, Wanlin and Liu, Yuan and Ling, Qiang",10.1109/aiea66061.2025.11160534,Event-Triggered Control for Scalar Networked Systems with Random Delays,2025,"Tan, Wanlin, Liu, Yuan, Ling, Qiang",10.1109/aiea66061.2025.11160534,1.0,high,crossref,no
Di_Ferdinando_2025,Semi–Global Exponential Stabilization of Nonlinear Time–Delay Systems via Sampled–Data Event–Triggered Controllers,2025,"Di Ferdinando, M. and Borri, A. and Di Gennaro, S. and Pepe, P.",10.1109/cdc57313.2025.11312052,Semi–Global Exponential Stabilization of Nonlinear Time–Delay Systems via Sampled–Data Event–Triggered Controllers,2025,"Di Ferdinando, M., Borri, A., Di Gennaro, S., Pepe, P.",10.1109/cdc57313.2025.11312052,1.0,high,crossref,no
Lozoya_2021,Energy-Efficient Wireless Communication Strategy for Precision Agriculture Irrigation Control,2021,"Lozoya, Camilo and Favela-Contreras, Antonio and Aguilar-Gonzalez, Alberto and Félix-Herrán, L.C. and Orona, Luis",10.3390/s21165541,Energy-Efficient Wireless Communication Strategy for Precision Agriculture Irrigation Control,2021,"Lozoya, Camilo, Favela-Contreras, Antonio, Aguilar-Gonzalez, Alberto, Félix-Herrán, L.C., Orona, Luis",10.3390/s21165541,1.0,high,crossref,no
Perdana_2025,"Hybrid LoRaWAN–MQTT Architecture for Portable Smart Greenhouses: Cross-Layer Validation of Latency, Energy, and ADMR Trade-Offs",2025,"Perdana, Doan and Lorenz, Pascal and Hartati, Sri and Fadlilah, Umi and Cahyo Handoyo, Gani",10.1109/access.2025.3643617,"Hybrid LoRaWAN–MQTT Architecture for Portable Smart Greenhouses: Cross-Layer Validation of Latency, Energy, and ADMR Trade-Offs",2025,"Perdana, Doan, Lorenz, Pascal, Hartati, Sri, Fadlilah, Umi, Cahyo Handoyo, Gani",10.1109/access.2025.3643617,1.0,high,crossref,no
Boersma_2022,Robust sample-based model predictive control of a greenhouse system with parametric uncertainty,2022,"Boersma, Sjoerd and Sun, Congcong and van Mourik, Simon",10.1016/j.ifacol.2022.11.135,Robust sample-based model predictive control of a greenhouse system with parametric uncertainty,2022,"Boersma, Sjoerd, Sun, Congcong, van Mourik, Simon",10.1016/j.ifacol.2022.11.135,1.0,high,crossref,no
Ghiat_2025,Data-driven model predictive control for irrigation management in agricultural greenhouses under CO2 enrichment,2025,"Ghiat, Ikhlas and Govindan, Rajesh and Al-Ansari, Tareq",10.1016/j.atech.2025.101071,Data-driven model predictive control for irrigation management in agricultural greenhouses under CO2 enrichment,2025,"Ghiat, Ikhlas, Govindan, Rajesh, Al-Ansari, Tareq",10.1016/j.atech.2025.101071,1.0,high,crossref,no
Agyeman_2024,Learning-based multi-agent MPC for irrigation scheduling,2024,"Agyeman, Bernard T. and Naouri, Mohamed and Appels, Willemijn M. and Liu, Jinfeng and Shah, Sirish L.",10.1016/j.conengprac.2024.105908,Learning-based multi-agent MPC for irrigation scheduling,2024,"Agyeman, Bernard T., Naouri, Mohamed, Appels, Willemijn M., Liu, Jinfeng, Shah, Sirish L.",10.1016/j.conengprac.2024.105908,1.0,high,crossref,no
