record_id,field,value,coding_basis,locator,quote,rule_error
S02,p1_application,greenhouse_microclimate,rule,body text (no structural marker),"urce use. As climate change continues to pose challenges to traditional farming methods, the integrated IoT-RL approach in greenhouses offers a promising solution to ensure food security in an environmentally responsible",
S02,p2_dynamics_model,data_driven,rule,body text (no structural marker),rgy use. Wang et al. [ 3 ] present an RL controller based on recurring neural networks based on Long Short-Term Memory (LSTM) for microgrid management with potential applications in greenhouses. Kazmi et al. [ 4 ] explor,
S02,p3_time_constant,sampling intervals (up to 60 min,rule,body text (no structural marker),sampling intervals (up to 60 min,
S02,n1_protocol,WiFi,rule,body text (no structural marker),"l, compressed air, mains water and osmosed water connections. Embedded device (raspberrypi4) that deploys an intranet (WiFi, Bluetooth Low Energy) for communication, monitoring, and control. Electric energy meter in thre",
S02,c1_strategy,RL_ML,adjudicated,sec. 3 Materials and Methods (RL agent description),"In the model presented in this work, the agent performs control actions to adjust the set-points, ensuring that the internal conditions of the greenhouse stay within the predefined maximum and minimum limits.","First-match rule picked 'optimal control' from a related-work sentence describing Kazmi et al., not the method of this paper."
S02,c3_architecture,cloud,rule,Table 3,1 IoT Gateway or Router : This device acts as a central communication point between various sensors and devices and the cloud server. It uses IoT protocols to transmit data. 2 Sensors and Meters : These devices collect d,
S02,e1_control_quality,RMSE and MAE values,rule,body text (no structural marker),RMSE and MAE values,
S02,e3_energy,energy efficiency and reduce operational costs in greenhouses,rule,body text (no structural marker),energy efficiency and reduce operational costs in greenhouses,
S02,evidence_type,greenhouse_or_plot_experiment,adjudicated,sec. 3.1 (automated greenhouse with IoT),The expertise of this technician was crucial in transferring the RL model to a real-world automated greenhouse equipped with IoT technology.,"No evidence probe matched, so the default simulation_only was emitted despite a described transfer to a real automated greenhouse."
S03,p1_application,greenhouse_microclimate,rule,sec. 1. INTRODUCTION,"is not desirable as optimal economic operation requires dynamically adjusting the temperature, humidity, and CO2 levels in the greenhouse. Economic MPC, which uses economic costs directly in the stage cost and does not f",
S03,p2_dynamics_model,data_driven,rule,sec. 5.1 Terminal cost,"ets, with 80% of the data used for training and 20% for validation. To construct the cost function approximator J˜ϕ , a neural network parameterized by ϕ is trained using the values of x1 (k (i) ) and k (i) as inputs and",
S03,n1_protocol,none_no_network,rule,body text,no protocol term found in body text,
S03,c1_strategy,MPC,rule,body text (no structural marker),RL-Guided MPC for Autonomous Greenhouse Control Salim Msaad ∗ Murray Harraway ∗ Robert D. McAllister ∗ arXiv:2506.13278v1 [eess.SY] 16 Jun 2025 ∗ Delft Center for Systems,
S03,c3_architecture,simulation_only,rule,sec. 4. MODEL PREDICTIVE CONTROL,ted with the previous solution. The optimization problem is solved numerically using the open-source software framework CasADi (Andersson et al. (2019)) and the IPOPT solver (Wächter and Biegler (2006)). Two different M,
S03,e1_control_quality,dry weight (kg m−2 ),rule,sec. 1. INTRODUCTION; Table 1,dry weight (kg m−2 ),
S03,evidence_type,simulation_only,rule,body text (no structural marker),"d RL via numerical simulations. Two scenarios are considered: a deterministic environment and an uncertain environment. Simulation results demonstrate that, in both environments, RL-Guided MPC outperforms both RL and MPC",
S03,comparator_present,within_model_comparison,rule,body text (no structural marker),certainties of RL with MPC’s online optimization to improve overall control performance. The RL-Guided MPC framework is compared with both MPC and RL via numerical simulations. Two scenarios are considered: a determinist,
S05,p1_application,greenhouse_microclimate,rule,sec. 7.2.4. Concluding r e m a r k s,cussion 7.2.4. Concluding r e m a r k s 7.3. The effect of d i f f e r e n t crop g r o w t h models on optimal heating in greenhouse climate management 7.3.1. Introduction 7.3.2. Methodology 7 . 3 . 3 . Results and disc,
S05,p2_dynamics_model,higher_order,rule,sec. 22 Chapter 3,ions involved in the carboxylation process. In this research the carboxylation resistance is described by the following second order polynomial fitted to data from Goudriaan (1987): (3.7) (r car = c car>1 Xt + c c a r > ,
S05,p3_time_constant,time constants whose presence cause the system to be more,rule,sec. Introduction,time constants whose presence cause the system to be more,
S05,n1_protocol,none_no_network,rule,body text,no protocol term found in body text,
S05,c1_strategy,optimal_control,rule,body text (no structural marker),"Co-promotor: Dr. J. Bontsema, universitair docent, vakgroep Agrotechniek en -fysica GREENHOUSE CLIMATE MANAGEMENT: AN OPTIMAL CONTROL APPROACH n c-h AJAJof?o1 ^ Ö E.J. van Henten GREENHOUSE CLIMATEMANAGEMENT:ANOPTIMALCON",
S05,e1_control_quality,dry weight is considered to be the major,rule,sec. 2. FORMULATION OF THE CONTROL PROBLEM,dry weight is considered to be the major,
S05,e3_energy,energy consumption amounts to approximately 15% of the total,rule,sec. 1. INTRODUCTION,energy consumption amounts to approximately 15% of the total,
S05,evidence_type,greenhouse_or_plot_experiment,rule,sec. 3.2.4.3. Validation,"days in the beginning (27 - 31 January), the middle (13 - 17 February) and towards the end ( 1 - 5 March) of the second greenhouse experiment in 1992. The data obtained in the period from 13 to 17 February 1992 were used",
S06,p1_application,irrigation_outdoor,rule,sec. 43 Page 2 of 9 Agron. Sustain. Dev. (2021) 41: 4; p.3/9,tcome whose plots were not connected to the secondary canals re- indicators’ measurement. ceived water through field-to-field irrigation by temporarily opening field boundaries and closing them when enough wa- 2.1.1 Inte,
S06,n1_protocol,LoRa_LoRaWAN,rule,sec. 43 Page 4 of 9 Agron. Sustain. Dev. (2021) 41: 4; p.4/9,mitted dB transmission power (Kolobe et al. 2020; Ali et al. 2019)). the water level data in real time using a wireless LoRa con- The controller or gateway sent the data to the cloud-based data nection. This connection i,
S06,c1_strategy,on_off_threshold,adjudicated,sec. 2.1.1 and sec. 3.3; p.4/9 and p.7/9,it measured every 5 min the water level from 15 cm below ground up to 5 cm above ground ... AWD with a safe groundwater threshold of -15 cm,No strategy keyword appears in the body; the control rule is stated as a water-level threshold rather than by a named control-theory term.
S06,c2_trigger,manual_remote,adjudicated,sec. 2.1 / sec. 3.1 (Can Tho site description),individually controllable and automatically controlled pump operations,Trigger probe found no match; irrigation is initiated by the farmer from the application after remote water-level monitoring.
S06,c3_architecture,cloud,rule,sec. 43 Page 2 of 9 Agron. Sustain. Dev. (2021) 41: 4; p.3/9; Fig. 2,"sensors (“smart” AWD tube), a respective farmer groups. The pilot plots were situated on the controller/gateway, and a cloud platform, as well as mobile sand ridge (described as sandy soil) that had weak water- and web-b",
S06,e1_control_quality,water savings over manual alternate wetting and drying,rule,sec. Abstract,water savings over manual alternate wetting and drying,
S06,evidence_type,field_deployment,rule,sec. Abstract,osts by 25% and moderately enhanced rice yields by 2-11%. This pilot was the first to demonstrate in a large-scale open-field trial that it is feasible and beneficial for smallholder farmers to apply cutting-edge Interne,
S06,comparator_present,concurrent_experimental,rule,sec. 43 Page 4 of 9 Agron. Sustain. Dev. (2021) 41: 4; p.4/9,al leveled) (manual leveled) Autonomous water access Yes No Yes Experimental trial 1: winter-spring 2017 crop season Control treatment None 1 plot (0.3 ha) None Man. AWD treatment None 1 plot (0.3 ha) None IoT AWD treatm,
S06,article_type_flag,primary_study,rule,body text (no structural marker),Agronomy for Sustainable Development (2021) 41: 43 https://doi.org/10.1007/s13593-021-00705-z RESEARCH ARTICLE Using the Internet of Things to promote alternate wetting and drying irrigation for rice in Vietnam’s Mekong ,
S07,p1_application,greenhouse_microclimate,rule,body text (no structural marker),"ure an adequate supply of fresh food for the growing global population. However, maintaining an optimal growing climate within a greenhouse requires resources and operational costs. To achieve economical and sustainable ",
S07,p2_dynamics_model,data_driven,rule,sec. 3 Computers and Electronics in Agriculture 215 (; Fig. 3,"RL agent is shown in Fig. 3, where the actor has the role of storing and applying the current best policy, using a deep neural network. According to the learned policy function, 𝜋(𝑠), and the system state 𝑠, the actor se",
S07,n1_protocol,none_no_network,rule,body text,no protocol term found in body text,
S07,c1_strategy,MPC,rule,body text (no structural marker),"and sustainable crop growth, efficient climate control in greenhouse production is paramount. Model Predictive Control (MPC) and Reinforcement Learning (RL) are the two approaches representing model-based and learning-ba",
S07,c3_architecture,simulation_only,rule,sec. 4.2. Specific MPC settings; Table 5/Fig. 6,"s over the prediction horizon. Table 5 details other settings that are used during this study. The open-source software CasADi (Andersson et al., 2019) and solver IPOPT (Wächter and Biegler, 2006) are employed in Matlab.",
S07,e3_energy,"energy consumption are considered as in (3), but",rule,sec. 3.2.1. Agent description,"energy consumption are considered as in (3), but",
S07,evidence_type,simulation_only,rule,body text (no structural marker),in a unified framework; (3) exploring the mathematical connections and differences between MPC and RL; (4) conducting a simulation study to analyze and compare the performance of MPC and RL; (5) presenting and interpreti,
S07,comparator_present,concurrent_experimental,rule,body text (no structural marker),"ardo Morcego a , Wenjie Yin a , Sjoerd Boersma b , Eldert van Henten c , Vicenç Puig a , Congcong Sun c ,∗ a Automatic Control Group (CS2AC), Universitat Politècnica de Catalunya, Spain b Biometris Group, Wageningen Univ",
S08,p1_application,greenhouse_microclimate,rule,sec. 1. Introduction,"ed to solve greenhouse control challenges [3,10,21]. However, MPC relies heavily on an accurate prediction model, while in a greenhouse prediction model there always exist uncertainties due to, e.g., modeling error and i",
S08,p2_dynamics_model,data_driven,rule,sec. 1 These authors contributed equally to this work,"ies is considered empirically, however no mechanism to compensate for the prediction error is introduced. In [19,20], a neural network is used as a prediction model, with a robust MPC controller addressing the prediction",
S08,n1_protocol,none_no_network,rule,body text,no protocol term found in body text,
S08,c1_strategy,MPC,rule,body text (no structural marker),"ural Technology journal homepage: www.journals.elsevier.com/smart-agricultural-technology Reinforcement learning-based model predictive control for greenhouse climate control Samuel Mallick a, ,∗,1 , Filippo Airaldi a, ,",
S08,c3_architecture,simulation_only,rule,sec. 5. Numerical experiments,sults can be found at https://github.com/SamuelMallick/mpcrl-greenhouse. All optimization problems are solved using the CasADi framework [2] and the IPOPT solver [31]. Assume that the values of all model parameters 𝑝 are,
S08,e1_control_quality,dry weight to total crop dry weight),rule,sec. 6. Conclusions,dry weight to total crop dry weight),
S08,e3_energy,energy consumption,rule,sec. 1. Introduction,energy consumption,
S08,evidence_type,simulation_only,rule,sec. 5. Numerical experiments,"based RL methods, i.e., DDPG, are run on the same Linux machine using four NVIDIA RTX 2090 GPUs. Python source code and simulation results can be found at https://github.com/SamuelMallick/mpcrl-greenhouse. All optimizati",
S08,comparator_present,within_model_comparison,rule,"sec. 1. To the best of the authors’ knowledge, a comb","odology outperforming existing controllers from the literature in both constraint satisfaction and eﬃcient crop growth. Compared to the state-of-the-art MPC formulations [4,8,19,20,27], instead of addressing uncertainty ",
S10,p1_application,greenhouse_microclimate,rule,"sec. 128 October, 2024","he relationship between greenhouse environmental control accuracy and energy consumption is one of the key issues faced in greenhouse research. In this study, a non-linear model predictive control method with an improved",
S10,p2_dynamics_model,data_driven,rule,"sec. 128 October, 2024",mize the objective evaluation. The nonlinear model predictive control (NMPC) controller design was based on the wavelet neural network (WNN) data-driven model and applied the interior point method to solve the optimal so,
S10,p3_time_constant,sampling interval was set to 5 min,rule,sec. Results and discussion,sampling interval was set to 5 min,
S10,n1_protocol,none_no_network,rule,body text,no protocol term found in body text,
S10,c1_strategy,MPC,rule,"sec. 128 October, 2024","jabe.org Vol. 17 No. 5 Predictive control for greenhouse temperature and humidity and energy optimization by improved NMPC objective function algorithm Lina Wang1,2,3, Ying Zhang1, Mengjie Xu1, Qiuhui Liu1, Binrui Wang1,",
S10,e1_control_quality,overshoot,rule,sec. 2.2.2 The improved NMPC controller design,overshoot,
S10,e3_energy,energy consumption,rule,"sec. 128 October, 2024",energy consumption,
S10,evidence_type,simulation_only,rule,"sec. 128 October, 2024","the objective function control, thus balancing the contradiction between energy consumption and control precision. The simulation results showed that the improved NMPC method reduced energy consumption by 21.02% and 9.54",
S10,comparator_present,within_model_comparison,rule,sec. 24 Continuous time comparison of total energy co; Fig. 6/Fig. 7,"nonlinear control, NMPC effectively reduced temperature and humidity fluctuations and brought lower energy consumption. Compared with MPC, the daytime consumption was reduced by 10.06%, and the nighttime consumption was ",
S13,p1_application,irrigation_outdoor,rule,sec. 1. Introduction; p.2/18,"ty is managed through a graphical interface, allowing the automation of irrigation using fuzzy logic compared to manual drip irrigation [13]. In rural areas, irrigation control is performed by comparing environmental par",
S13,p2_dynamics_model,higher_order,rule,sec. 2 Solar; p.8/18,"de ( PBC ) when the batteries are recharged, being part of the energy consumption. The first equality constraint is the energy balance, which is represented in Equation (12). The energy system needs to satisfy the energy",
S13,n1_protocol,none_no_network,rule,body text,no protocol term found in body text,
S13,c1_strategy,MPC,rule,body text (no structural marker),"lied sciences Article Smart Irrigation System Considering Optimal Energy Management Based on Model Predictive Control (MPC) Wilmer Quimbita , Edison Toapaxi and Jacqueline Llanos * Electrical and Electronic Department, U",
S13,c3_architecture,standalone_embedded,rule,sec. 1. Introduction,gy in some cases through embedded systems that concentrates on controlling the irrigation process automatically using a Raspberry Pi device through Python programming with the help of moisture sensors that monitor the so,
S13,e3_energy,energy consumption and optimizes,rule,sec. 1. Introduction,energy consumption and optimizes,
S16,p1_application,irrigation_outdoor,rule,Fig. 1/Fig. 2,"of 25 m × 100 m, as illustrated in Figure 1 . Each area contains approximately 45 productive trees watered with a micro-sprinkler irrigation system. The field is located in northern Mexico (Chihuahua city), which is an a",
S16,p2_dynamics_model,higher_order,rule,body text (no structural marker),nspiration is generally expressed in millimeters (mm) of water lost from a crop surfaced per unit of time (days). 2.1. State Space Model The hydrological balance model describes the dynamics of an irrigation system where,
S16,p3_time_constant,sampling period of 10 min,rule,body text (no structural marker),sampling period of 10 min,
S16,n1_protocol,ZigBee_802154,rule,Fig. 2,"there was one weather node and a single controller for the entire experimental field. The WSN was implemented over the IEEE 802.15.4 standard, which is the basis for the Zigbee communication protocol [ 41 ]. Zigbee has b",
S16,c1_strategy,STC_self_triggered,adjudicated,body text (no structural marker),Self-triggered control is an aperiodic sampling strategy capable of reducing the number of networked messages compared to traditional periodical sampling.,"First-match rule matched 'event-triggered' inside a comparative sentence that contrasts STC with ETC; the strategy implemented in this paper is self-triggered control, consistent with c2_trigger=self_triggered."
S16,c2_trigger,self_triggered,rule,body text (no structural marker),"s are battery-powered, and thus they have to manage energy constraints by implementing efficient communication schemas. Self-triggered control is an aperiodic sampling strategy capable of reducing the number of networked",
S16,c3_architecture,standalone_embedded,rule,body text (no structural marker),"USA) to calculate the reference evapotranspiration for the crop field. These three types of nodes were built upon the Arduino MKR board (Arduino, USA), which includes a 32-bit microprocessor and a 12-bit analog-to-digita",
S16,e1_control_quality,water savings while growing healthy crops,rule,body text (no structural marker),water savings while growing healthy crops,
S16,e2_network_resource,reduce the number of messages in the network by transmitting sensor data only when releva,rule,body text (no structural marker),reduce the number of messages in the network by transmitting sensor data only when releva,
S16,e3_energy,"power consumption up to 20%, while still accomplishing the system control obj",rule,body text (no structural marker),"power consumption up to 20%, while still accomplishing the system control obj",
S16,comparator_present,within_model_comparison,rule,body text (no structural marker),"schemas. Self-triggered control is an aperiodic sampling strategy capable of reducing the number of networked messages compared to traditional periodical sampling. In this paper, we propose an energy-efficient communicat",
S18,p1_application,ncs_generic_nonagricultural,rule,"sec. 153244 VOLUME 12, 2024; p.153244","tk + 1tk , k ∈ N0 with the new initial condition time. Section V illustrates the presented method for an x̄(0) = xk+1 . academic example as well as for a vertical take-off and landing (VTOL) aircraft model. The paper is ",
S18,p2_dynamics_model,nonlinear,rule,body text (no structural marker),"October 2024. Digital Object Identifier 10.1109/ACCESS.2024.3480522 A Sensitivity-Based Approach to Self-Triggered Nonlinear Model Predictive Control PAULINA CONRAD AND KNUT GRAICHEN , (Senior Member, IEEE) Chair of Auto",
S18,n1_protocol,none_no_network,rule,body text,no protocol term found in body text,
S18,c1_strategy,MPC,rule,body text (no structural marker),"as not been fully explored. This paper introduces a self-triggering mechanism for nonlinear Model Predictive Control (MPC), extending its application beyond networked systems. The method maximizes the sampling time while",
S18,c2_trigger,self_triggered,rule,body text (no structural marker),"rent version 28 October 2024. Digital Object Identifier 10.1109/ACCESS.2024.3480522 A Sensitivity-Based Approach to Self-Triggered Nonlinear Model Predictive Control PAULINA CONRAD AND KNUT GRAICHEN , (Senior Member, IEE",
S18,c3_architecture,simulation_only,rule,"sec. 153246 VOLUME 12, 2024; p.153246","he MPC problem (2) is solved by a gradient sensitivity term satisfies 0 < ∥∇J ∗ (xk )∥2 /J ∗ (xk ) < ∞ for method, e.g. GRAMPC [30], then the adjoint state is part ∥xk ∥ → 0. of the solution and therefore available witho",
S18,e1_control_quality,overshoot constant C ≥ 1 and decay rate γ > 0,rule,sec. II. PROBLEM STATEMENT; p.153244,overshoot constant C ≥ 1 and decay rate γ > 0,
S18,e2_network_resource,reducing the number of samples is pursued,rule,"sec. 153248 VOLUME 12, 2024; p.153248",reducing the number of samples is pursued,
S18,evidence_type,simulation_only,rule,sec. IV. EFFICIENT COMPUTATION OF SAMPLING TIME ≤ J ∗; p.153246; Fig. 1/Fig. 2,"t state λk := λ(0). In conclusion, the parameter c = 0.1. self-triggered optimization problem (18) becomes ∥λk ∥2 2 1) SIMULATION RESULTS 1tk = arg max 1t − c 1t (29a) Figure 1 shows the simulation results of the self-tr",
S18,comparator_present,within_model_comparison,rule,"sec. 153248 VOLUME 12, 2024; p.153248; Fig. 4/Table 1","for different noise levels the eigenvalues of the linearization about the stationary set- σ ∈ {0.15, 0.25, 0.35, 0.45} compared to classical MPC (i) points xdes , i = 1, . . . , 4 along with the stationary sampling with ",
S20,p3_time_constant,sampling period is set as T = 0.2s,rule,sec. 3 Interaction level,sampling period is set as T = 0.2s,
S20,n1_protocol,none_no_network,rule,body text,no protocol term found in body text,
S20,c1_strategy,MPC,rule,sec. 1 Self-Triggered Distributed Model Predictive Co,"Abstract—This paper investigates an aperiodic distributed communication delays. In [14], a rolling self-triggered DMPC model predictive control approach for multi-agent systems scheme is proposed to mitigate the mutual i",
S20,c2_trigger,self_triggered,rule,sec. 1 Self-Triggered Distributed Model Predictive Co,1 Self-Triggered Distributed Model Predictive Control with Synchronization Parameter Interaction Qianqian Chen Abstract—This paper investigates an aperiodic distributed,
S20,evidence_type,simulation_only,rule,sec. 1. The second condition on Lyapunov function dec; Fig. 2/Fig. 3,") = [0.1, 0.2, −0.1]T , show the efficiency of the proposed Algorithm 1. Consider the e3 (0) = [0.2, −0.2, −0.1]T . The simulation results under formation application for three nonholonomic wheeled mobile Algorithm 1 are",
S30,p2_dynamics_model,data_driven,rule,sec. I. I NTRODUCTION,"then K = ∞. where 1(.) is the indicator function. Also, the high-level policy Similar to [21], a fully connected deep neural network is on MH0 is defined as: used to construct function ΓC (S 0 [k], A0 [k]), which satisfi",
S30,n1_protocol,NB_IoT_cellular,rule,body text (no structural marker),"energy-efficient resource allocation in through periodic transmissions with a high data rate. It, a fifth generation (5G) wireless network. We formally state however, comes at the cost of a higher packet loss rate due th",
S30,n3_packet_loss,packet loss rate due,rule,body text (no structural marker),packet loss rate due,
S30,c1_strategy,RL_ML,rule,body text (no structural marker),"t classes of ETC strategies; see [7, 8] and the references Index Terms—industrial cyber-physical system, hierarchical reinforcement learning, event-triggered control, power efficient therein. Besides, in this context, th",
S30,c2_trigger,event_triggered,rule,body text (no structural marker),"1 A Learning Approach for Joint Design of Event-triggered Control and Power-Efficient Resource Allocation Atefeh. Termehchi, and Mehdi. Rasti, Senior Member, IEEE arXiv:2205.07070v1 [eess.SY] 14 May 2022 Abstra",
S30,c3_architecture,simulation_only,rule,sec. 11 Optimize πθL0 (update parameter θL0,"DAC to a disjoint and model-based method, as gn,j [k] = hd−3 n [k], where dn [k] is the distance between we use Matlab/Simulink applying a linear model of Cart-Pole user n and the BS as well as h = 0.09 is the loss facto",
S30,e1_control_quality,tracking error,rule,body text (no structural marker),tracking error,
S30,e3_energy,power consumption in the downlink transmission,rule,body text (no structural marker),power consumption in the downlink transmission,
S30,evidence_type,simulation_only,rule,body text (no structural marker),ficient sub-carrier and power allocation based on a predefined event instead of a periodic transmission. policies. Our simulation results show that the proposed approach This event is characterized according to the stabi,
S34,p1_application,greenhouse_microclimate,rule,"sec. I. Introduction mixing control systems, which re; Table 1","tudy, used to receive sensor data transmitted by sensor nodes the logic used is IF-AND logic. There are nine rules from within the greenhouse and then input into the used in this inference process, as presented in Table ",
S34,n1_protocol,WiFi,rule,"sec. I. Introduction mixing control systems, which re","ble parameters. This node comprises several water zone with a mean absolute percentage error components, such as the ESP32 as the value of less than 5 %. microcontroller, a capacitive-based moisture C. Conceptual design ",
S34,c1_strategy,Fuzzy,rule,body text (no structural marker),"87-3379 mev.brin.go.id Design and performance of nutrient dosing control system for hydroponic chilli plant using fuzzy logic controller Haryo Prastono a, *, Mohamad Solahudin b, Supriyanto b a Research Center for Equipm",
S34,c3_architecture,standalone_embedded,rule,"sec. I. Introduction mixing control systems, which re","veral water zone with a mean absolute percentage error components, such as the ESP32 as the value of less than 5 %. microcontroller, a capacitive-based moisture C. Conceptual design sensor for reading the moisture value ",
S34,evidence_type,lab_prototype_or_HIL,rule,"sec. I. Introduction mixing control systems, which re","rol systems, was conducted by Salih [14]. In their nutrient solution [4]. The third method, a combination research, the prototype was designed to control the of these two, yields an on-off-based nutrient mixing nutrient ",
S35,p1_application,greenhouse_microclimate,rule,body text (no structural marker),"costs as ranchers can locate their cattle with the help of IoT-based sensors [14, 15]. Smart greenhouse Growing plants in a greenhouse is a method to help improve the yield of vegetables, fruits, and crops. Greenhouses c",
S35,p2_dynamics_model,data_driven,rule,body text (no structural marker),"improve crop management practices, and detect anomalies or diseases at an early stage. Consequently, farmers can make data-driven decisions to optimize yields, reduce waste, and enhance overall crop quality. The benefits",
S35,n1_protocol,WiFi,rule,sec. 3.2 Construction of our smart greenhouse,"hed within the smart greenhouse to enable seamless communication and control. Wireless com- munication protocols like Wi-Fi, Bluetooth, or Zigbee connect sensors, automation systems, and the central control system. This ",
S35,c1_strategy,Fuzzy,rule,sec. 2 Related work,"cussed. The collected data is transmitted to farmers through IoT and wireless communication, while the system utilizes fuzzy logic for regulating factors like heating, cooling, and humidity inside the greenhouse. Rubanga",
S35,c2_trigger,manual_remote,rule,sec. 3.1 Irrigation control system,manual intervention becomes necessary when the system encounters technical errors or requires maintenance. Users can manually control the following functions: • Irrigation Management: Users can adjust the pump settings t,
S35,c3_architecture,cloud,rule,body text (no structural marker),n- mental parameters required by the plant to control the environment in an intelligent green- house. We can create a cloud server for remote access to the system when connecting to IoT [16–19]. The convergence of IoT te,
S35,e3_energy,energy consumption while maintaining the,rule,sec. 2 Related work,energy consumption while maintaining the,
S35,evidence_type,lab_prototype_or_HIL,rule,sec. 2 Related work,"tabase for real-time data collection and monitoring of crop environments. Additionally, Kurniawan [38] has presented a prototype control and monitoring system for smart green- houses employing fuzzy logic. Finally, Ahmed",
S35,article_type_flag,primary_study,rule,body text (no structural marker),"PLOS ONE RESEARCH ARTICLE Smart greenhouse construction and irrigation control system for optimal Brassica Juncea development Hiep Xuan Huynh ID1*, Linh Nhut Tran2, Nghia Duong-Tru",
S36,p1_application,irrigation_outdoor,rule,body text (no structural marker),) 106(2):373–395 https://doi.org/10.1007/s40030-024-00857-7 ORIGINAL CONTRIBUTION Design and Development of IoT Smart Drip Irrigation and Fertigation Prototype for Small and Medium Scale Farmers. Acase Study of Tomato Fa,
S36,p2_dynamics_model,data_driven,rule,sec. Results and Discussion; Fig. 14/Fig. 18,"y components in its development. The programming environment include Visual Studio, leveraging the power of Convolution Neural Network (CNN) for Artificial Intelligent (AI) capabilities. The logic of the software was imp",
S36,p3_time_constant,time constant (𝜏) of 10µs,rule,sec. 2 PDisipation = Imax,time constant (𝜏) of 10µs,
S36,n1_protocol,WiFi,rule,sec. 375 Fig. 1 System design model; Fig. 3/Fig. 2,"t Connection Yellow and Blue wire is to be connected with RS485 pins A and B. RS485 VCC pin is connected with 3.3V from ESP32, and the GND pin to the ground The red wire is to be connected to Power supply. Black wire to ",
S36,c1_strategy,on_off_threshold,adjudicated,sec. Functionality Tests; printed p.388,the system was expected to activate the irrigation pump when soil moisture dropped below the set threshold,Strategy probe found no named controller; actuation is described as set-point/threshold switching of pump and fertiliser.
S36,c3_architecture,cloud,rule,sec. 75.33 Fig. 29 Setting up DataStream on Blynk IoT; Table 1/Fig. 29,(simulations) 3 Farm soil value (field) Average Moisture (%) NPK (%) 80 81 65 75.33 Fig. 29 Setting up DataStream on Blynk IoT Fig. 30 Setting up IoT interface for data visualization 40 43 40 41 fertilizer to be 43% as c,
S36,e3_energy,power Consumption Compare to higher version of Raspberry as shown in Fig,rule,sec. 1. Cost-effective compared to Raspberry Pi 4; Fig. 6,power Consumption Compare to higher version of Raspberry as shown in Fig,
S36,evidence_type,lab_prototype_or_HIL,rule,body text (no structural marker),/10.1007/s40030-024-00857-7 ORIGINAL CONTRIBUTION Design and Development of IoT Smart Drip Irrigation and Fertigation Prototype for Small and Medium Scale Farmers. Acase Study of Tomato Farmers in Tanzania Daniel H. Ngom,
S38,p1_application,irrigation_outdoor,rule,sec. 1. Introduction; p.3/18,"example can be found in [24], where the authors proposed an FL controller and compared its performance with manual and drip irrigation methods. Their approach achieved a reduction in water consumption of 18% and 7%, resp",
S38,p2_dynamics_model,data_driven,rule,sec. 1. Introduction; p.3/18,"temperature, soil moisture, relative humidity, lighting monitoring, and remote on/off control. In [7], a fuzzy-stranded-neural network model detected downy mildew in viticulture early and successfully. In [23], the FL te",
S38,n1_protocol,LoRa_LoRaWAN,rule,sec. 2.3. LoRa 868 MHz-Based Wireless Communication; p.6/18; Fig. 3,"he introduction of Industry 4.0, different wireless technologies have been adopted, such as ZigBee, Bluetooth, LoRa and LoRaWAN, ISA 100.11a, WirelessHART, and WIA-PA. Most of them are based on the IEEE 802.15.4 standard",
S38,c1_strategy,Fuzzy,rule,body text (no structural marker),"electronics Article Smart IoT Irrigation System Based on Fuzzy Logic, LoRa, and Cloud Integration Eneko Artetxe * , Oscar Barambones * , Imanol Martín Toral and Asier del Rio , Jokin Uralde , Isidro Calvo System Engineer",
S38,c3_architecture,cloud,rule,body text (no structural marker),"te moisture level in the soil. The control algorithm, based on fuzzy logic, can use the weather forecast, obtained as a cloud service, to reduce water consumption. For testing purposes, the dynamics of the water balance ",
S38,e1_control_quality,overshoot the VWC in that minute in order to avoid water waste,rule,sec. 1 Negative; p.8/18; Table 2,overshoot the VWC in that minute in order to avoid water waste,
S38,e3_energy,power consumption,rule,sec. 2.3. LoRa 868 MHz-Based Wireless Communication; p.6/18,power consumption,
S38,evidence_type,lab_prototype_or_HIL,rule,sec. 1. Introduction; p.3/18,lds and industries to reduce the validation time for control schemes and to avoid possible damages in real plants [26]. Hardware-in-the-loop (HiL) testing stands out as a popular technique for developing and commissionin,
S38,comparator_present,concurrent_experimental,rule,sec. 1. Introduction; p.2/18,ted irrigation control for marigold flowers using LoRa. Their work demonstrated that the yield increased by 66.78% when compared with manual irrigation. Fuzzy logic (FL) allows making decisions based on imprecise and non,
S38,article_type_flag,primary_study,rule,body text (no structural marker),"electronics Article Smart IoT Irrigation System Based on Fuzzy Logic, LoRa, and Cloud Integration Eneko Artetxe * , Oscar Barambones * , Imanol Martín Toral and Asier del Rio , J",
S40,p1_application,greenhouse_microclimate,rule,body text (no structural marker),"System Design of Online Monitoring and Controlling System Based on Zigbee in Greenhouse Fengmei Li, Yaoguang Wei, Yingyi Chen, Xu Zhang To cite this version: Fengmei Li, Yaoguang Wei, Yingyi Chen, Xu Zhang. System Design",
S40,n1_protocol,ZigBee_802154,rule,body text (no structural marker),"System Design of Online Monitoring and Controlling System Based on Zigbee in Greenhouse Fengmei Li, Yaoguang Wei, Yingyi Chen, Xu Zhang To cite this version: Fengmei Li, Yaoguang Wei, Yingyi Chen, Xu Zhang. System Design",
S40,c1_strategy,on_off_threshold,adjudicated,sec. 1-2 (system overview) and sec. 2.3 (coordinator hardware),"four different alarm lamps will be lit up by micro-controller, and the relays open related device which can change the temperature and humidity, such as the humidifiers, fans, sprayers and heating",Strategy probe matched only the word 'monitoring'; the body states relay switching against temperature/humidity thresholds.
S40,c2_trigger,time_triggered,rule,sec. 3.2 Software design of coordinator node; Fig. 11,"rdinator receives temperature and humidity data from acquisition sensor nodes, the information takes turns to show data every 10 s in LCD1602. The coordinator analyzes and judges whether the number is over the acquisitio",
S40,c3_architecture,standalone_embedded,rule,Fig. 1,"ode and three temperature and humidity acquisition terminal nodes, the hardware components of coordinator node includes microcontroller AT89S51, LCD 1602, ZigBee module (coordinator), 5V DC power supply. The acquisition ",
S40,e3_energy,power consumption is ultra-low,rule,sec. 2.1. The overall structure of the system,power consumption is ultra-low,
S40,evidence_type,lab_prototype_or_HIL,adjudicated,sec. 2.1 and sec. 2.3; sec. 4 Results,The ZigBee wireless sensor network consists of three terminal nodes and a coordinator node ... The LCD displays temperature and humidity data of the three sensor nodes alternately at intervals of 10 s,"No evidence probe matched, so the default simulation_only was emitted; the paper reports a built four-node ZigBee network, not a simulation."
S40,comparator_present,concurrent_experimental,rule,body text (no structural marker),"a to be unattended in a real application. The monitoring system has lower power, lower cost and larger network capacity compared with traditional wireless technology. 1． The overall structure of system The ZigBee network",
S41,p1_application,irrigation_outdoor,rule,body text (no structural marker),"ligence in Agriculture http://dx.doi.org/10.62762/DIA.2025.680966 RESEARCH ARTICLE Research on Precision Paddy Field Irrigation Control Technology Based on Multi-Source Sensing Hybrid Model 1 2,* 1 2 1 Hongliang Zhang , ",
S41,p2_dynamics_model,data_driven,rule,body text (no structural marker),"del and practical application for digital farmland system, couples the FAO-56 Penman-Monteith development. model with LSTM deep learning algorithms to establish a dynamic irrigation decision model, Keywords: precision ir",
S41,n1_protocol,LoRa_LoRaWAN,rule,sec. 15 Digital Intelligence in Agriculture,"5 bands: blue, green, UAV Platform radiometric calibration with Multispectral red, red-edge, NIR) reflectance panel LoRaWAN NTP time sync; 15-min transmission Ground IoT Soil VWC (±2%), pH (±0.3) wireless network interva",
S41,c1_strategy,Fuzzy,rule,sec. 17 Digital Intelligence in Agriculture; Fig. 3,s 2 consecutive years). Control accuracy of ±5% The device achieves precise water control through is achieved via a PID-fuzzy control algorithm: a three-level linkage mechanism: Cloud decision → Z de(t) Edge terminal (NV,
S41,c3_architecture,hybrid_cloud_edge,rule,sec. 2.1 Experimental Design,"edge layer with an embedded decision applications are implemented at a local scale and terminal (NVIDIA Jetson); and a cloud platform validated in small experimental plots (<1 ha), lacking for irrigation prescription gen",
S41,e1_control_quality,RMSE < 0,rule,sec. 15 Digital Intelligence in Agriculture,RMSE < 0,
S41,e3_energy,"mAh LiFePO4 battery, enabling ≥15 days",rule,sec. 1. Self-sustaining energy system: Integrates a,"mAh LiFePO4 battery, enabling ≥15 days",
S41,evidence_type,field_deployment,rule,sec. 2.1 Experimental Design,"al Design China [1]. However, traditional flooding irrigation is characterized by three major challenges: (1) Water The field experiment was carried out at Youyi Farm waste — Field leakage and surface runoff cause (131.8",
S41,comparator_present,concurrent_experimental,rule,sec. 2.4 Hybrid Decision Model,"system. The spatiotemporal alignment 2.5.2 Core Technological Innovations module accomplishes geographic registration, Compared with traditional irrigation sluice gates (in temporal synchronization, and grid resampling, ",
S41,article_type_flag,primary_study,rule,body text (no structural marker),"Digital Intelligence in Agriculture http://dx.doi.org/10.62762/DIA.2025.680966 RESEARCH ARTICLE Research on Precision Paddy Field Irrigation Control Technology Based on Multi-Source Sensing Hybrid Model 1 2,* 1 2 1 Hongl",
S42,p1_application,hydroponic_cea,rule,sec. Introduction,"ing health of cattle 2023 [22] Indore, India • Robotic and automatic system • IoT assists farmers by continuously for hydroponic farming identifying water levels and other • Sensors used - pH, ultra- contaminants sonic, ",
S42,p2_dynamics_model,data_driven,rule,sec. 52.048 Wh or 0.052 kWh per day.,"ations, this capability extends to policymakers, agricultural services, and industry stakeholders, providing them with data-driven insights. These insights help in formulating evidence-based policies and directing invest",
S42,n1_protocol,NB_IoT_cellular,rule,body text (no structural marker),or a SIS. The e0316911. https://doi.org/10.1371/ journal.pone.0316911 IoT system consists of soil moisture sensor with GSM module powered by PV and an algorithm was developed to adjust irrigation schedules based on soil ,
S42,c1_strategy,on_off_threshold,rule,sec. Introduction,"this state, the sensor reading was found to be 218. These values were considered to classify the dryness of soil and threshold for operating the water pump, explained in algorithm section. Modeling for rainwater harvesti",
S42,c3_architecture,cloud,rule,sec. Introduction,"- • Monitored through mobile apps. perature, and rainfall sensors • Web interface is developed in are used ThinkSpeak cloud platform • Motor pump is controlled using mobile application 2023 [2] Brassica Juncea, • Smart g",
S42,e1_control_quality,Water saving technology • Higher yields,rule,sec. Introduction; Table 1,Water saving technology • Higher yields,
S42,e3_energy,energy saving up to 9,rule,sec. Introduction,energy saving up to 9,
S42,evidence_type,lab_prototype_or_HIL,rule,sec. Introduction,"o measure animal body temperatures, GPS is employed for animal tracking, and RFID is used for animal identification. A prototype of the proposed tracking service is developed and tested within a service scenario. A proje",
S42,article_type_flag,primary_study,rule,body text (no structural marker),"PLOS ONE RESEARCH ARTICLE Sustainable Smart Irrigation System (SIS) using solar PV with rainwater harvesting technique for indoor plants Syed Zahurul Islam 1☯ ∗ , Muhammad Saufi Bi",
S43,n1_protocol,WiFi,rule,Fig. 4,ic board. A SOLAR-POWERED FERTIGATION SYSTEM BASED ON LOW-COST WIRELESS SENSOR NETWORK REMOTELY CONTROLLED BY … 61 WiFi (b) Transmission unit (a) (a) Fig. 4. View of the watermark soil moisture sensor (a) and output freq,
S43,c2_trigger,time_triggered,rule,sec. III. FERTIGATION SYSTEM’S DESCRIPTION,"inator node, the Wi-Fi one because it allows to implement by using commercial operation is repeated in reiterative way (every 2 minutes) until devices a low cost WSN respecting the technical requirements. the connection ",
S43,c3_architecture,cloud,rule,body text (no structural marker),"d data by using dynamic agronomic models implemented the environmental impact. The solution allows the integration on a cloud platform, for optimizing the amount and typology of and optimized management of the traditiona",
S43,e3_energy,power consumption; after the cycle restarts,rule,sec. III. FERTIGATION SYSTEM’S DESCRIPTION,power consumption; after the cycle restarts,
S43,evidence_type,lab_prototype_or_HIL,rule,sec. III. FERTIGATION SYSTEM’S DESCRIPTION; Fig. 15,"c application, a diode can be used to set the MPPC threshold in order to track the solar cell over- Fig. 15. Rrealized prototype sensor node equipped with 90 F super-capacitor temperature; referred to the DC1587A board, ",
S44,p1_application,irrigation_outdoor,rule,sec. 10 RHopt; p.10/27,"ting the water and fertilizer mixing ratio, the actual fertilizer amount can be further calculated based on the current sprinkler irrigation amount Watervol,final as follows: Fvol = Mwf · Watervol,final (5) After determi",
S44,p2_dynamics_model,data_driven,rule,sec. 1. Introduction,"iculture, long the foundation of human civilization, is now undergoing a rapid transition from traditional practices to data-driven, intelligent systems [1]. Population growth, accelerating climate change, and the increa",
S44,n1_protocol,WiFi,rule,sec. 1. Introduction; p.3/27,"(STMicroelectronics, Geneva, Switzerland) platform with integrated sensing and UART-based wireless communication via an ESP8266 Wi-Fi module, the system integrates real-time environmental monitoring with intelligent deci",
S44,n2_latency,delay ≤ 50 ms,rule,sec. 4.1. Software Control Architecture; p.7/27; Fig. 7,delay ≤ 50 ms,
S44,c1_strategy,Fuzzy,rule,sec. 4.5. Fertigation Motion Control; p.12/27,"nit, a 72 MHz STM32F1 microcontroller (STMicroelectronics, Geneva, Switzerland), executes the control tasks and applies fuzzy control to model the polar motion of the irrigation arm while managing pulse output. However, ",
S44,c3_architecture,standalone_embedded,rule,sec. Abstract,"tal heterogeneity. This study proposes an autonomous, cross-regional intelligent fertigation system based on an STM32F1 microcontroller and UART communication protocols. The system integrates a mechanically adjustable ir",
S44,e1_control_quality,overshoot to below 5% and decreases the stabilization time to 0,rule,sec. 4.5. Fertigation Motion Control; p.12/27,overshoot to below 5% and decreases the stabilization time to 0,
S44,e3_energy,power consumption ≤ 100 mW,rule,sec. 4.1. Software Control Architecture; p.7/27,power consumption ≤ 100 mW,
S44,evidence_type,lab_prototype_or_HIL,rule,sec. Abstract,"tigation module, a data interconnection unit, and comprehensive control software with dynamic calibration capabilities. Prototype evaluations conducted on both sloped terrain (up to 38◦ ) and flat surfaces demonstrate a ",
S44,comparator_present,concurrent_experimental,rule,sec. 4.4. Fertilizer Delivery Motion Control; p.11/27,"duction without adjustment, but the closed-loop system suppresses this to within the overall flow control error range). Compared with traditional fixed-aperture designs (which exhibit >10% flow fluctuation), this system ",
S45,p1_application,irrigation_outdoor,rule,body text (no structural marker),"es at the lowest rate of 0.268 kbps to a distance of 4 km, whereas, at 10.937 kbps, it only takes 0.9 s. The results of field irrigation trials during the wheat grain filling stage have demonstrated that the irrigation a",
S45,p2_dynamics_model,data_driven,rule,sec. 802.15.1 Wi-Fi; p.3/27,eld environmental information to construct a crop water requirement prediction model based on the back propagation (BP) neural network. Vianny et al. [20] proposed a hybrid irrigation forecasting model based on machine l,
S45,n1_protocol,LoRa_LoRaWAN,rule,sec. 1. Introduction; p.2/27,on area network. Ramson et al. [12] developed a soil health monitoring system whose selfpowered terminal nodes utilized LoRaWAN (wide area network) to achieve long-distance transmission of information. To achieve the man,
S45,n3_packet_loss,packet loss occurs,rule,sec. 3.1. System Communication Tests; p.17/27,packet loss occurs,
S45,c1_strategy,Fuzzy,rule,sec. 802.15.1 Wi-Fi; p.3/27,"e irrigation. At present, in the field of water-saving irrigation, various control algorithms such as machine learning, fuzzy control, and evapotranspiration (ET) have been introduced. Benzaouia et al. [18] proposed a fe",
S45,c2_trigger,time_triggered,rule,sec. 2.2.1. Node Software Design; p.10/27; Fig. 6,"e gateway. Utilizing the overflow interrupt flag of a defined timer, the program reads the flow meter’s cumulative flow every 30 s and compares it against the designated irrigation volume. Once the target irrigation volu",
S45,c3_architecture,hybrid_cloud_edge,rule,sec. 2.1.2. Gateway Hardware Design; p.7/27,"e edge computing gateway of the smart irrigation system serves as the central component, connecting LoRa nodes with the cloud platform, collecting meteorological data, analyzing and processing information, and running ir",
S45,e1_control_quality,water saving,rule,body text (no structural marker),water saving,
S45,e3_energy,power consumption,rule,sec. 2.1.1. Node Hardware Design; p.7/27,power consumption,
S45,evidence_type,field_deployment,rule,sec. 3.1. System Communication Tests; p.17/27; Fig. 10,"smission rates, providing a reference for users to deploy wireless sensor networks in real-world application scenarios. On-site deployment is as shown in Figure 10: the gateway is placed at a fixed location to operate an",
S46,p1_application,greenhouse_microclimate,rule,body text (no structural marker),"sensors Review Leveraging LoRaWAN Technology for Precision Agriculture in Greenhouses Ritesh Kumar Singh * Rafael Berkvens , Michiel Aernouts , Mats De Meyer, Maarten Weyn and University of Antwerp - imec, IDLab - Facult",
S46,p2_dynamics_model,data_driven,rule,sec. 2. Related Work; p.5/18,"[39], developed combination of neural networks by using color constancy method to normalize different color of images. Neural network-based prediction of soil water is used in the paper [40], for the management of water ",
S46,n1_protocol,LoRa_LoRaWAN,rule,body text (no structural marker),"sensors Review Leveraging LoRaWAN Technology for Precision Agriculture in Greenhouses Ritesh Kumar Singh * Rafael Berkvens , Michiel Aernouts , Mats De Meyer, Maarten Weyn and University of",
S46,n3_packet_loss,packet loss Minimize frequency of communication Remote installation,rule,"sec. 3. Materials, Methods and Field Tests in a Green; p.6/18",packet loss Minimize frequency of communication Remote installation,
S46,c3_architecture,edge_local,rule,"sec. 3. Materials, Methods and Field Tests in a Green; p.6/18; Fig. 3/Table 3","d load balancing Sensor holes Network quality and coverage analysis Sensor, power, connectivity and coverage analysis Fog computing Machine learning, storage .. Optimization of energy and message frequency Dashboard, ale",
S46,e1_control_quality,ise,rule,sec. 3.3. Optimal design for sensor box; p.10/18; Fig. 7/Fig. 8,ise,
S46,e2_network_resource,duty cycle is not a primary concern while deploying LoRaWAN-,rule,sec. 3.2. Communication Technology; p.7/18; Table 3/Fig. 4,duty cycle is not a primary concern while deploying LoRaWAN-,
S46,e3_energy,power consumption,rule,body text (no structural marker),power consumption,
S46,evidence_type,field_deployment,rule,sec. 3.4. Architecture Schema of WSN Communication in; p.10/18; Fig. 8/Fig. 2,"e In Figure 2, we illustrate the high-level architecture and deployment setup in the greenhouse. It comprises of the on-field deployment of the sensors and gateway and processing of the data at the back end. The hardware",
S46,article_type_flag,secondary_review,rule,body text (no structural marker),"sensors Review Leveraging LoRaWAN Technology for Precision Agriculture in Greenhouses Ritesh Kumar Singh * Rafael Berkvens , Michiel Aernouts , Mats De Meyer, Maarten Weyn",
S48,n1_protocol,mixed,rule,sec. 2.4. Long-Range Low-Power Systems Using LoRaWAN ,"s and the system’s complexity may pose challenges for wide- spread adoption. 2.4. Long-Range Low-Power Systems Using LoRaWAN Technology In recent years, the adoption of low-power wide-area network (LPWAN) technol- ogies ",
S48,n3_packet_loss,packet error rate below 20%,rule,sec. 2.4. Long-Range Low-Power Systems Using LoRaWAN ,packet error rate below 20%,
S48,c1_strategy,Fuzzy,rule,sec. 2.4. Long-Range Low-Power Systems Using LoRaWAN ,"ovements in resource management and sus- tainability. In [13], Artetxe et al. proposed a cutting-edge system combining fuzzy logic, LoRa communication, and cloud computing for precision irrigation. The study highlights h",
S48,c3_architecture,cloud,rule,body text (no structural marker),". The system utilizes LoRa technology for long-range wire- This work is licensed under the Creative less communication, Blynk platform for real-time data visualization and con- Commons Attribution International trol, and",
S48,e3_energy,"power consumption, etc",rule,body text (no structural marker),"power consumption, etc",
S48,evidence_type,lab_prototype_or_HIL,rule,sec. 4.1.1. Sensor Node; Fig. 3/Fig. 4,"module, transceiver module, and power module. The proto- type of the sensor node is shown in Figure 4. Figure 4. Prototype of sensor node. • Sensor connectors: the DHT22 sensor, capacitive soil moisture sensor, DS18B20 s",
S52,p1_application,irrigation_outdoor,rule,sec. 2.1. IoT Smart Irrigation Systems; p.4/33,"ter level Node MCU Bluetooth, BLE Thingspeak Irrigation (m3 /year) Thermal imaging Decision Support System (DSS) Drip irrigation Sprinkler Water conductivity Arduino Mega RFID Energy consumption Energy harvesting Testbed",
S52,n1_protocol,LoRa_LoRaWAN,rule,body text (no structural marker),"ementation, and Empirical Validation of an IoT Smart Irrigation System for Fog Computing Applications Based on LoRa and LoRaWAN Sensor Nodes † Iván Froiz-Míguez 1,2 , Peio Lopez-Iturri 3,4 , Paula Fraga-Lamas 1,2, * , Mi",
S52,n3_packet_loss,packet losses and even to a wireless communication outage,rule,sec. 4.3. Simulation Results; p.19/33; Fig. 13,packet losses and even to a wireless communication outage,
S52,c1_strategy,Fuzzy,rule,sec. 2.1. IoT Smart Irrigation Systems; p.3/33; Table 1,"d energy harvesting. A different approach is proposed by Munir et al. [15], which uses an intelligent method based on a fuzzy logic to schedule irrigation based on different parameters. Since the design of smart irrigati",
S52,c3_architecture,cloud,rule,sec. 2.1. IoT Smart Irrigation Systems; p.4/33,"year) Machine learning (AI) Control System Spray irrigation Ad hoc Valves Water level Node MCU Bluetooth, BLE Thingspeak Irrigation (m3 /year) Thermal imaging Decision Support System (DSS) Drip irrigation Sprinkler Water",
S52,e1_control_quality,water saving,rule,sec. 2.4. Key Findings; p.6/33,water saving,
S52,e2_network_resource,duty cycle limit of on-air time,rule,sec. 3.3. LoRa and LoRaWAN; p.9/33,duty cycle limit of on-air time,
S52,e3_energy,"energy consumption, this",rule,body text (no structural marker),"energy consumption, this",
S52,evidence_type,mixed_experiment_and_simulation,adjudicated,sec. 1 Introduction (contribution list); sec. 4-5 (testbed and measurements),"The radio planning analysis of the scenario (i.e., a university campus) is presented together with an empirical measurement campaign to corroborate the analytical results.",First-match rule saw 'simulation results' before the testbed description; the paper combines ray-launching simulation with an empirical measurement campaign on a deployed campus system.
S52,article_type_flag,primary_study,rule,body text (no structural marker),"sensors Article Design, Implementation, and Empirical Validation of an IoT Smart Irrigation System for Fog Computing Applications Based on LoRa and LoRaWAN Sensor Nodes † Iván",
S55,n1_protocol,LoRa_LoRaWAN,rule,body text (no structural marker),IOP Conference Series: Earth and Environmental Science PAPER • OPEN ACCESS You may also like - Enhanced LoRaWAN performance Design of IoT Monitoring System Based on through advanced spread factor allocation empowered by ,
S55,n3_packet_loss,"Packet Delivery Ratio), which show the results of the quality of",rule,sec. 3. Methods,"Packet Delivery Ratio), which show the results of the quality of",
S55,c1_strategy,none_monitoring_only,rule,body text (no structural marker),: Earth and Environmental Science PAPER • OPEN ACCESS You may also like - Enhanced LoRaWAN performance Design of IoT Monitoring System Based on through advanced spread factor allocation empowered by machine learning LoRa,
S55,e1_control_quality,"water savings by 22% - 33%, so that the use of smart greenhouses supports",rule,sec. 1. Introducing,"water savings by 22% - 33%, so that the use of smart greenhouses supports",
S55,e3_energy,"power consumption, and high robustness are just a",rule,sec. 2.2. LoRA and LoRaWAN,"power consumption, and high robustness are just a",
S55,evidence_type,lab_prototype_or_HIL,rule,sec. 3. Methods; Fig. 3/Fig. 4,"Linux server. The design of the system is shown in figure 3. Figure 3. LoRa and MQTT server designed Build the (prototype) system. The circuit made is placed in a box built on ESP32, The LoRa SX1276 and DHT22 devices and",
S57,p1_application,hydroponic_cea,rule,body text (no structural marker),"o, Erukala Suresh Babu, P. Siva Naga Raju , Ilaiah Kavati Abstract: This paper proposesan efficient monitoring unit for Controlled Environment Agriculture (CEA) system based on hydroponics environment using various IoTse",
S57,n1_protocol,WiFi,rule,sec. 8778 Figure-1 Controlled Environment Agriculture,ced by various researchers. BoSun.et.al put forth Crop Monitoring System Based on Wireless Sensor for Agriculture Using Wi-Fi Networking which he coupled wireless technologies with the sensor based devices to monitor man,
S57,c1_strategy,none_monitoring_only,rule,body text (no structural marker),"logy and Engineering (IJRTE) ISSN: 2277-3878, Volume-8 Issue-3, September 2019 Smart Agriculture: Automated Controlled Monitoring System using Internet of Things Mekala Srinivasa Rao, Erukala Suresh Babu, P. Siva Naga Ra",
S57,c3_architecture,standalone_embedded,rule,sec. 3.3 System Architecture,"stem Architecture This subsection presents the system architecture of the proposed system, which is modelled using AMD (Arduino Mega Development)kit that is connected with various sensor nodes like light sensor for measu",
S57,evidence_type,lab_prototype_or_HIL,rule,sec. 3.4 Software System Design:; Fig. 1/Fig. 2,"Figure 1 and Figure 2 shows the future scope of CEA, which can be achieved with the proposed model. Figure 4 shows the prototype of monitoring device with sensors, which is tested on a tomato plant and the results are re",
S58,p1_application,greenhouse_microclimate,rule,body text (no structural marker),"ural Engineering 2021; volume LII:1105 Wireless sensor network to identify the reduction of meteorological gradients in greenhouse in subtropical conditions Thais Queiroz Zorzeto Cesar, Paulo Ademar Martins Leal, Omar Ca",
S58,n1_protocol,none_no_network,rule,body text,no protocol term found in body text,
S59,p1_application,irrigation_outdoor,rule,Fig. 3,"the precise location of the pilot (a), highlights the winery and two selected plots (b), and the vineyard featuring the drip irrigation system during the harvest (c). Figure 3 Guaspari Pilot: ( a ) Map of Brazil showing ",
S59,n1_protocol,LoRa_LoRaWAN,rule,Fig. 1,"e), plant (e.g., growing stage) and weather (e.g., air temperature), as well as LPWAN communication technologies (e.g., LoRaWAN [ 28 ]) are abstracted in this layer. The SWAMP pilots use commercial sensors as well as a h",
S59,n2_latency,delay and 5 ms,rule,Fig. 12/Table 1,delay and 5 ms,
S59,c2_trigger,time_triggered,rule,body text (no structural marker),"pplication. System metrics: CPU and RAM usage per Docker container, which allows observing each application, collected every 5 s. Experiment metrics: The duration of the experiment given by the number of replications (be",
S59,c3_architecture,hybrid_cloud_edge,rule,body text (no structural marker),xperiments. Both fog and cloud were implemented using virtual machines (VM) in OpenStack. The following standard Amazon AWS VM configurations were deployed: cloud VM equivalent to a t2.medium instance (2vCPU—4 GB of RAM),
S59,e3_energy,"energy consumption that represents up to 30% of the production cost, by implem",rule,Fig. 2,"energy consumption that represents up to 30% of the production cost, by implem",
S59,evidence_type,lab_prototype_or_HIL,rule,body text (no structural marker),"and infrastructures, such as fog computing. Martínez et al. [ 24 ] give a detailed description of the architecture of a testbed of the FIWARE platform configured for the precision agriculture domain. It differs from our ",
S60,n1_protocol,ZigBee_802154,rule,body text (no structural marker),"orchard terrain features, soil differences, species characteristics and the state of tree growth. With the help of the ZigBee technology, artificial intelligence and decision support technology, this paper has developed ",
S60,c1_strategy,none_monitoring_only,rule,body text (no structural marker),chards and significantly improve the yield of citrus. 2. Overall Structure 2.1. System Design Objectives The real-time monitoring system of citrus soil moisture and nutrient is designed to monitor the soil moisture and n,
S60,e3_energy,"power consumption, strong mobility and other advantages in deployment and mai",rule,body text (no structural marker),"power consumption, strong mobility and other advantages in deployment and mai",
S61,p1_application,greenhouse_microclimate,rule,body text (no structural marker),commons.org/licenses/by/4.0/ ). The direction of sunshine or the installation sites of environmental control facilities in the greenhouse result in different temperature and humidity levels in the various zones of the gr,
S61,n1_protocol,ZigBee_802154,rule,body text (no structural marker),"the greenhouse. At present, the common communication transmission standards on the market include Bluetooth, WiFi, and Zigbee, etc . Embedded wireless sensor modules are accepted by many users for their low energy consum",
S61,c1_strategy,MPC,rule,body text (no structural marker),"y simplified models and intelligent control method are used for greenhouse application, such as neural networks [ 16 ], model predictive control [ 17 ], gradient modeling [ 18 ], dynamic modeling [ 19 ], wireless-based r",
S61,c3_architecture,standalone_embedded,rule,body text (no structural marker),"The direct-current (DC) fan blows the drip into the environment, humidifying and cooling the regional environment. The microcontroller sends a pulse-wide-modulation (PWM) signal to the solid-state-relay (SSR) to control ",
S61,e3_energy,energy consumption to achieve standardized production,rule,body text (no structural marker),energy consumption to achieve standardized production,
S61,evidence_type,lab_prototype_or_HIL,rule,body text (no structural marker),"ge wetted pad system can be installed for environmental control in a large greenhouse. 5. Conclusions In this paper, a prototype for a proposed scheme based on a fuzzy rule-based system has been proposed, and it is used ",
S63,p1_application,greenhouse_microclimate,rule,sec. Abstract,Fault-tolerance · Reliability 1 Introduction observations and measure the environmental parame- ters and conditions inside the greenhouse in order to get Greenhouses have a fundamental role in modern agricul- more precis,
S63,n1_protocol,mixed,rule,sec. Abstract,reenhouses based on Networked Control Systems. This architecture is IoT-based and built on top of switched Ethernet and Wi-Fi. Some sensors in the proposed architecture require a one-second real-time deadline. Riverbed s,
S63,n2_latency,"delay, it changes for greenhouse 1 from 5.96 ms",rule,sec. 5.5 Greenhouse 1 Greenhouse 2; Fig. 8/Table 4,"delay, it changes for greenhouse 1 from 5.96 ms",
S63,n3_packet_loss,packet loss and no over-delayed packets,rule,sec. Abstract,packet loss and no over-delayed packets,
S63,c1_strategy,none_monitoring_only,rule,sec. Abstract,"[8, 9]. According to the gath- posed system architecture is demonstrated with the sim- ered information coming from the monitoring system, ulation setup in Sect. 4. The Riverbed simulation results decisions can be taken ",
S63,c2_trigger,time_triggered,rule,sec. Abstract,"fire extinguisher actuator. All of the taken inside the greenhouse(s) from Layer 1 and Layer 2, actuators take actions every 30 s expect for the fire actua- respectively, (2) reprogram the controller of the individual to",
S63,c3_architecture,cloud,rule,sec. Abstract,"mation (after analyzing it and implements the control actions taken by either of the creating aggregating reports) to a cloud server for storage other two layers of the architecture. For instance, it and extensive data a",
S63,e3_energy,mW,rule,sec. Abstract,mW,
S63,evidence_type,simulation_only,rule,sec. Abstract,"s demonstrated with the sim- ered information coming from the monitoring system, ulation setup in Sect. 4. The Riverbed simulation results decisions can be taken regarding what should be done and analysis are presented i",
S66,p2_dynamics_model,higher_order,rule,body text (no structural marker),"ar time invariant system where every sensing and actuating links are closed over the wireless network [ 49 ]. The plant state-space model [ 49 ] is (18) x ˙ ( t ) = A x ( t ) + B u ( t ) where (19) A = 0 1 0 − 0.1 , B = ",
S66,n1_protocol,ZigBee_802154,rule,Fig. 1,"mission slots for sensing and actuation. The intra-cluster subframe is similar to the frame structure of beacon-enabled IEEE 802.15.4 [ 42 ]. After CHs are decided, each CH periodically broadcasts the beacon frame in eve",
S66,n3_packet_loss,"packet loss in both sensing and actuating links, respectively",rule,body text (no structural marker),"packet loss in both sensing and actuating links, respectively",
S66,c1_strategy,MPC,rule,body text (no structural marker),ol system is proposed by integrating the control design and the network routing of the WirelessHART standard [ 6 ]. The model predictive control design combines the observer based on an extended Kalman filter and the act,
S66,e1_control_quality,settling time with the larger overshot due to the poor feedback delay and,rule,Fig. 10,settling time with the larger overshot due to the poor feedback delay and,
S66,e3_energy,energy consumption [ 18 ],rule,body text (no structural marker),energy consumption [ 18 ],
S66,evidence_type,simulation_only,rule,body text (no structural marker),tion and power system protection are around 100 [ 3 ]. We assume that the MAD is equal to the MATI value. We obtain the simulation results out of 10 experimental runs of 10 5 slots each. We compare the proposed R-WSAN pr,
S67,p1_application,irrigation_outdoor,rule,body text (no structural marker),"urces: The nearest weather station, the moisture sensors (analog or digital), the type of crop, and the features of the irrigation system in the monitored field. Therefore, Smart&Green also contributes to the solution of",
S67,p2_dynamics_model,data_driven,rule,body text (no structural marker),"avings over six months ( Section 5.3 ). 2.4. Soil Moisture Prediction In [ 43 ], the Linear Regression, Decision Tree, Random Forest, and Gradient Boosting with Regression Tree (GBRT) machine learning (ML) techniques wer",
S67,n1_protocol,LoRa_LoRaWAN,rule,body text (no structural marker),"latforms such as the Arduino [ 10 , 11 , 12 , 13 , 14 ] or Raspberry Pi [ 15 , 16 , 17 ]. Zigbee [ 11 , 17 , 18 , 19 ], LoRa [ 16 ], Wifi [ 20 ], Bluetooth [ 14 ], GSM [ 12 ], and GPRS [ 21 ] are the predominant wireless",
S67,c1_strategy,none_monitoring_only,adjudicated,sec. Appendix/irrigation-need discussion (IWN computation),"Although this present work does not handle an automatic irrigation system, this issue is a concern",Strategy probe found no match; the paper explicitly disclaims automatic irrigation control.
S67,c3_architecture,cloud,rule,body text (no structural marker),"ure gathering from fields with analog tensiometers (e.g., field 2 of Figure A1 ) in the Javascript language through the Firebase platform [ 71 ], React Native framework [ 72 ], Realm [ 73 ], and React Native Firebase [ 7",
S67,e1_control_quality,RMSE (Root Mean Squared Error) and the MAE (Mean Absolute Error),rule,body text (no structural marker),RMSE (Root Mean Squared Error) and the MAE (Mean Absolute Error),
S67,comparator_present,within_model_comparison,rule,Table 6/Fig. 9,"moisture data without an outlier removal technique. The use of the global approach data saved an average of 53.1% when compared to the IWN baseline, and the use of local approach data without preprocessing saved 100% ( T",
