network,policy,rmse_total_mean,rmse_total_std,iae_total_mean,iae_total_std,violation_pct_mean,violation_pct_std,violation_mag_mean,violation_mag_std,transmissions_mean,transmissions_std,bytes_sent_mean,bytes_sent_std,energy_mj_mean,energy_mj_std,channel_loss_pct_mean,channel_loss_pct_std,congestion_drops_mean,congestion_drops_std,avg_aoi_mean,avg_aoi_std,max_aoi_mean,max_aoi_std,fairness_mean,fairness_std
bernoulli,aoi,0.19731293859425808,0.01698410279543267,54.93157716146878,4.789184591909629,49.48611111111111,9.26702768660208,52.664276773226824,19.64882757618204,360.0,0.0,6479.3,9.974177185428358,885.516,1.196901262251346,14.98611111111111,1.7252731889032178,1795.0,0.0,4.10037037037037,0.08789850926811718,11.2,1.281446551034375,0.999985746023411,1.281707055926998e-05
bernoulli,cvoi,0.18896948264379615,0.005502408269144386,50.01552525129866,1.2022408470198993,31.125,2.1449939452924176,21.000022990074523,2.3822860238566936,359.55,0.5104177855340395,6466.7,9.319475928342069,884.0039999999999,1.1183371114010563,14.990289384091614,1.7372661856288443,1773.0,3.0949874585239945,12.493796296296296,0.4808895840759858,76.85,2.8520537383288875,0.886266579319609,0.008381393934150733
bernoulli,error_trigger,0.2051176452687354,0.014596950445831265,56.899122517293144,3.97846540113703,30.583333333333332,1.9701723141310317,21.459979022084966,4.035643077218645,360.0,0.0,6441.2,17.00030959470398,880.9440000000001,2.0400371513644973,14.98611111111111,1.7252731889032178,1800.0,0.0,65.68342592592593,13.557530417924864,351.55,26.23070719595642,0.5170122148117587,0.06665979040654263
bernoulli,periodic_all,0.23074633592868507,0.029882954225099904,67.84089739424832,10.79052106268946,37.25,13.166259524388384,24.412942007735346,7.709541690120219,360.0,0.0,6480.0,0.0,885.6,0.0,14.98611111111111,1.7252731889032178,1800.0,0.0,150.61351851851853,0.004928464514635777,360.0,0.0,0.8355087861487485,5.432327097994982e-05
bernoulli,risk,0.21914495041054619,0.017154507990866638,61.171198659737705,5.4860766053077805,30.041666666666668,1.9123818534686756,23.10818853542802,3.3302757330312684,285.45,7.883860929639418,5113.7,133.05364964633824,721.644,15.966437957560593,15.04820445308314,1.9616958086256708,327.8,80.88497355732041,90.40682870370371,16.531710417374942,359.95,0.22360679774997824,0.5992187364121752,0.07408029152021295
bernoulli,round_robin,0.20147912889793532,0.02247096418058403,55.278910138749744,6.1460010469071005,47.91666666666667,8.917853029965654,57.706925080179516,26.55785586651493,360.0,0.0,6480.0,0.0,885.6,0.0,14.98611111111111,1.7252731889032178,1800.0,0.0,4.526018518518518,0.15855145537836948,22.8,5.001052520798944,0.992462785226841,0.004502866958845136
burst,aoi,0.18930525028291395,0.013060569930045254,52.1381440322592,3.648136226305498,44.36111111111111,6.702571442187084,43.457231408461645,14.000123527447892,360.0,0.0,6478.7,9.931873200114579,885.4440000000001,1.191824784013752,12.819444444444446,2.7737909986557243,1795.0,0.0,4.070347222222223,0.1426532960931984,13.75,1.7129537431920892,0.999977835668371,1.9280324855768765e-05
burst,cvoi,0.18954792886499866,0.007455887422428319,50.09937779890832,1.6702937924222616,31.625,2.075325741437575,21.17832750862861,2.324144204067655,359.55,0.5104177855340395,6469.3,8.80848872873265,884.316,1.0570186474479315,12.821030640668525,2.7778274049182943,1772.25,5.729655082849296,12.538101851851852,0.5279803674818992,75.95,2.981963323576919,0.8840288552543629,0.009138923213145739
burst,error_trigger,0.20382629574981878,0.015015886379398906,56.837671854095014,4.363095919317545,30.805555555555554,1.8423489117619838,20.1416685653036,2.4224256630917083,360.0,0.0,6443.7,17.0852352385881,881.244,2.0502282286305804,12.819444444444446,2.7737909986557243,1800.0,0.0,64.43703703703704,13.195166345970835,360.0,0.0,0.5016797337300494,0.07486777173202942
burst,periodic_all,0.23080749045088048,0.029907906542087016,67.83868039628825,10.801840318648816,37.31944444444444,13.121884202706552,24.488319025760777,7.653477031235031,360.0,0.0,6480.0,0.0,885.6,0.0,12.819444444444446,2.7737909986557243,1800.0,0.0,150.61638888888888,0.009229239836073516,360.0,0.0,0.8355404136673685,0.00010171913012200476
burst,risk,0.21939176119798348,0.01866452183081993,61.224009591573896,5.8335554636116225,29.97222222222222,1.8598996668181536,23.568133842100828,4.1314770745951455,284.55,5.651967519555043,5096.8,98.97665859872428,719.616,11.877199031846931,12.838877428976176,2.5150986836960567,329.55,85.32505956325893,89.24645833333334,15.996523681191745,359.95,0.22360679774997824,0.5943911601717978,0.0737899920494433
burst,round_robin,0.19499259009589615,0.013168392193680245,53.69732400569359,3.5857565920911334,46.65277777777778,7.387050182336743,49.188735759831516,13.679254039790695,360.0,0.0,6480.0,0.0,885.6,0.0,12.819444444444446,2.7737909986557243,1800.0,0.0,4.378796296296296,0.23349618377236347,22.2,4.396170582390279,0.9948757154893281,0.004182960287067574
congested,aoi,0.23091637177146745,0.016027904505270592,64.15319071354125,4.551855926704368,62.15277777777777,6.081717588306089,94.52964799596842,21.932288769458882,360.0,0.0,6481.3,11.916816954027206,885.756,1.4300180344832338,25.291666666666664,2.2084275789959498,1795.0,0.0,4.668935185185186,0.14312661860949594,14.05,1.6693837501494853,0.9999695323741351,2.4258449709242742e-05
congested,cvoi,0.1888298494478578,0.007279912193518097,50.090563100020645,1.6890645036933982,31.791666666666668,2.154439558578044,20.69163643225892,1.9320118809252869,359.55,0.5104177855340395,6469.6,9.461278427024796,884.3520000000001,1.1353534112429873,25.294529557412567,2.193680819503204,1775.35,4.648429276308474,13.279675925925925,0.4909673173108251,79.35,2.9249381459946595,0.8893894721380153,0.008665658396787306
congested,error_trigger,0.2047665206368603,0.015046928601499148,56.921670797221694,4.102948104510819,30.84722222222222,2.1582062288057378,20.912048085371985,3.386501788587112,360.0,0.0,6439.5,16.465274463485258,880.74,1.975832935618231,25.291666666666664,2.2084275789959498,1800.0,0.0,63.054722222222225,16.624149812723797,344.4,32.329553043616286,0.5234505874189062,0.08058438447099564
congested,periodic_all,0.2309054086010364,0.02995789358615363,67.83347769410133,10.80562029453856,37.44444444444444,13.186200872021365,24.64884538964329,7.736188892203741,360.0,0.0,6480.0,0.0,885.6,0.0,25.291666666666664,2.2084275789959498,1800.0,0.0,150.64129629629628,0.008121634161206493,360.0,0.0,0.8358148333212476,8.945197752887833e-05
congested,risk,0.21999343306109737,0.01869454128557282,61.448025211959305,5.997050222342091,30.34722222222222,2.050917400393265,23.37260593556553,3.816638033726157,287.2,6.794734803701427,5138.1,110.56881639004177,724.5719999999999,13.268257966804985,25.438544549548915,2.319305720311368,336.55,96.0775317400648,88.82770833333333,15.244684659847815,359.95,0.22360679774997824,0.589491431097145,0.06721067841757868
congested,round_robin,0.21447440511272314,0.01846662011593139,58.380878545440325,4.666256587524968,52.19444444444444,7.554706264616737,69.05760530623918,21.640022786271675,360.0,0.0,6480.0,0.0,885.6,0.0,25.291666666666664,2.2084275789959498,1800.0,0.0,5.486435185185185,0.26104340760929073,29.1,5.599812026920379,0.9867903535281073,0.007829340853965354
good,aoi,0.2011166982680177,0.0015729867948724272,55.384013039189696,0.5358700182010717,49.90277777777778,1.6128620249825871,57.904830582422946,1.516521655970551,360.0,0.0,6480.0,0.0,885.6,0.0,0.0,0.0,1795.0,0.0,3.4837962962962963,0.0,6.0,0.0,0.9999941899410718,0.0
good,cvoi,0.18718135469971434,0.0064685057740886025,49.57151428546242,1.5322130248437829,30.680555555555554,2.122152948870924,20.55507655634085,2.011260588632656,359.55,0.5104177855340395,6467.6,8.647482140393281,884.1119999999999,1.0376978568472277,0.0,0.0,1768.15,4.107438694804715,11.739583333333332,0.3657752068789883,74.4,1.4290224851827542,0.8803282476297423,0.006241123873066623
good,error_trigger,0.2051607461933611,0.015296460931015212,57.08206248419206,4.380156907833943,30.125,1.8236831791409773,20.303102181957165,2.7861662199274604,360.0,0.0,6448.8,16.35655349104046,881.856,1.962786418924842,0.0,0.0,1800.0,0.0,66.89043981481481,16.13582764916106,355.25,21.24264578624799,0.519918266474885,0.07488870479016803
good,periodic_all,0.23055626927519138,0.029839092500832574,67.83864850683862,10.780901204110748,36.90277777777778,13.196260262865236,24.139424429400478,7.686198316024984,360.0,0.0,6480.0,0.0,885.6,0.0,0.0,0.0,1800.0,0.0,150.58333333333334,0.0,360.0,0.0,0.8351759516315246,0.0
good,risk,0.21810635603245115,0.017334774302473367,60.849069558684825,5.385366539836759,29.84722222222222,1.9318199191772378,22.996069369757937,3.8657957634605986,284.3,4.910782979697258,5097.3,86.26586810552585,719.676,10.351904172663103,0.0,0.0,321.7,75.7239446243636,89.5887962962963,16.74774819780659,359.95,0.22360679774997824,0.5923829614807912,0.07620202869612719
good,round_robin,0.18945029081339268,0.0018697375104431628,52.35059235755371,0.5144637570069406,43.44444444444444,1.8826867561287004,44.094799309644564,1.6821142684213153,360.0,0.0,6480.0,0.0,885.6,0.0,0.0,0.0,1800.0,0.0,3.4837962962962963,0.0,6.0,0.0,0.9999941899410716,0.0
