scenario,method,n_seeds,rmse_mean,rmse_sd,rmse_ci95,iae_mean,iae_sd,iae_ci95,tx_energy_mj_mean,tx_energy_mj_sd,tx_energy_mj_ci95,baseline_energy_mj_mean,baseline_energy_mj_sd,baseline_energy_mj_ci95,total_modeled_energy_mj_mean,total_modeled_energy_mj_sd,total_modeled_energy_mj_ci95,tx_rate_pct_mean,tx_rate_pct_sd,tx_rate_pct_ci95,packet_loss_pct_mean,packet_loss_pct_sd,packet_loss_pct_ci95,violation_pct_mean,violation_pct_sd,violation_pct_ci95
Mekong-Synthetic,forecast:persistence:0.05:1.0:0.85,20,1.1541328239735598,0.06725045022914396,0.029473809333047107,207.11661603639828,15.046891830616238,6.594591104735454,1182.0,106.4053817396371,46.634214681362096,900.0,0.0,0.0,2082.0,106.4053817396371,46.634214681362096,19.765886287625413,1.7793542096929276,0.779836365909065,29.888397320755843,5.984655509745476,2.6228909221750696,6.471571906354515,1.40759206084485,0.6169044203970685
Tokyo-Bernoulli,forecast:persistence:0.05:1.0:0.85,20,3.2210805111485454,0.11340294597206185,0.04970103242428419,701.960285845226,37.04738561447859,16.2367326340339,1895.0,164.26871438687218,71.9939383413266,900.0,0.0,0.0,2795.0,164.26871438687218,71.9939383413266,31.688963210702344,2.7469684680078963,1.203912012396766,29.275384399963137,5.276329132622458,2.3124531999924387,47.22408026755853,5.044924542961186,2.211035667005981
Tokyo-Burst,forecast:persistence:0.05:1.0:0.85,20,3.2100285832063933,0.3422816488387327,0.15001154671380718,681.9282643153588,43.99244086725993,19.280537301965268,1732.0,140.13527299306946,61.41699130576677,900.0,0.0,0.0,2632.0,140.13527299306946,61.41699130576677,28.963210702341136,2.343399213930928,1.0270399883907488,17.575239067232022,3.36704028496445,1.4756704681915114,44.61538461538461,5.194185594198576,2.2764522069701174
Mekong-Synthetic,forecast:noisy_persistence:0.05:1.0:0.85,20,1.2101102694264183,0.09498560764250474,0.041629278012261774,224.84050236456284,22.65377336035257,9.928453927401948,1220.0,99.472291830968,43.59565405670132,900.0,0.0,0.0,2120.0,99.472291830968,43.59565405670132,20.40133779264214,1.6634162513539799,0.7290243153294536,31.05957683261218,4.065494465415315,1.7817815094162912,8.143812709030101,2.436692508370754,1.0679275774403703
Tokyo-Bernoulli,forecast:noisy_persistence:0.05:1.0:0.85,20,3.1908312559658776,0.09726771190673748,0.04262945430450881,691.8785857162716,31.362818647390444,13.745361314466356,1901.0,212.00546169727252,92.91549029544053,900.0,0.0,0.0,2801.0,212.00546169727252,92.91549029544053,31.789297658862875,3.5452418344025505,1.5537707407264305,30.323055783194377,4.331460676312949,1.8983463407641812,46.92307692307692,6.185125955084115,2.7107509686534126
Tokyo-Burst,forecast:noisy_persistence:0.05:1.0:0.85,20,3.2011981551559074,0.3566147814386392,0.15629331904329338,679.5389065755096,48.70549199611733,21.346123032254493,1680.0,269.1898175911133,117.9776392729616,900.0,0.0,0.0,2580.0,269.1898175911133,117.9776392729616,28.093645484949832,4.501501966406577,1.9728702219558798,16.156524749381425,5.023252393760111,2.201537428834885,44.49832775919732,5.715541953963657,2.5049467061136834
Mekong-Synthetic,forecast:oracle:0.05:1.0:0.85,20,1.1461870070484768,0.06906457159418716,0.030268883076614687,222.70737235400225,15.12084187646157,6.627001141307535,920.0,90.61195459645197,39.71244005015105,900.0,0.0,0.0,1820.0,90.61195459645197,39.71244005015105,15.384615384615387,1.5152500768637451,0.6640876262567066,24.451026149222237,6.431875547744598,2.81889374572482,5.618729096989966,1.5330180823677113,0.6718747980104726
Tokyo-Bernoulli,forecast:oracle:0.05:1.0:0.85,20,3.1403522243730193,0.0904223046119977,0.03962932227974544,670.2638704172448,25.916103668016504,11.358233224668842,1946.0,75.97783610334903,33.29875483684353,900.0,0.0,0.0,2846.0,75.97783610334903,33.29875483684353,32.54180602006689,1.2705323763101848,0.5568353651646076,27.805801604364557,3.824116138259452,1.6759927932444152,44.19732441471572,4.067688326597448,1.7827430114726348
Tokyo-Burst,forecast:oracle:0.05:1.0:0.85,20,3.1644534583275314,0.34816536312583707,0.15259019819461297,663.4626810022353,40.220735147835505,17.627514387532745,1762.0,98.60073662583812,43.21367814647775,900.0,0.0,0.0,2662.0,98.60073662583812,43.21367814647775,29.464882943143817,1.6488417495959553,0.7226367583023036,16.96715995385035,4.908853930939589,2.1514000919148035,41.939799331103686,3.6979234773314915,1.620686421097501
Mekong-Synthetic,trigger:persistence:0.02:1.0:0.85,20,1.1573198726528109,0.06180944752453064,0.02708918475804509,206.63793891040996,14.040849223113607,6.153673491642598,1182.0,86.5478267537058,37.93125748952758,900.0,0.0,0.0,2082.0,86.5478267537058,37.93125748952758,19.765886287625413,1.4472880728044446,0.634301964707819,29.97412976835626,4.826645104617542,2.115370485209516,6.622073578595318,1.0664870154139487,0.4674085428629452
Tokyo-Bernoulli,trigger:persistence:0.02:1.0:0.85,20,3.208533256019437,0.1209054531186613,0.052989151156653154,695.9805632321319,42.06072465532419,18.43392534439243,1923.0,174.2683955403576,76.37649183657992,900.0,0.0,0.0,2823.0,174.2683955403576,76.37649183657992,32.1571906354515,2.91418721639394,1.277198860143477,29.18598677564234,5.896619007245977,2.5843072237733886,46.070234113712374,5.521061055367335,2.4197116942347057
Tokyo-Burst,trigger:persistence:0.02:1.0:0.85,20,3.1920111868782652,0.3464634677395791,0.15184430965485682,673.6047178904629,45.206960989238816,19.812824214311348,1750.0,144.00292394692255,63.11206407319402,900.0,0.0,0.0,2650.0,144.00292394692255,63.11206407319402,29.264214046822747,2.4080756512863304,1.0553856868427094,16.8772094884565,4.280218311789493,1.8758883843253364,43.545150501672246,5.382543134724825,2.3590035388496253
Mekong-Synthetic,trigger:persistence:0.05:1.0:0.85,20,1.1541328239735598,0.06725045022914396,0.029473809333047107,207.11661603639828,15.046891830616238,6.594591104735454,1182.0,106.4053817396371,46.634214681362096,900.0,0.0,0.0,2082.0,106.4053817396371,46.634214681362096,19.765886287625413,1.7793542096929276,0.779836365909065,29.888397320755843,5.984655509745476,2.6228909221750696,6.471571906354515,1.40759206084485,0.6169044203970685
Tokyo-Bernoulli,trigger:persistence:0.05:1.0:0.85,20,3.2210805111485454,0.11340294597206185,0.04970103242428419,701.960285845226,37.04738561447859,16.2367326340339,1895.0,164.26871438687218,71.9939383413266,900.0,0.0,0.0,2795.0,164.26871438687218,71.9939383413266,31.688963210702344,2.7469684680078963,1.203912012396766,29.275384399963137,5.276329132622458,2.3124531999924387,47.22408026755853,5.044924542961186,2.211035667005981
Tokyo-Burst,trigger:persistence:0.05:1.0:0.85,20,3.2100285832063933,0.3422816488387327,0.15001154671380718,681.9282643153588,43.99244086725993,19.280537301965268,1732.0,140.13527299306946,61.41699130576677,900.0,0.0,0.0,2632.0,140.13527299306946,61.41699130576677,28.963210702341136,2.343399213930928,1.0270399883907488,17.575239067232022,3.36704028496445,1.4756704681915114,44.61538461538461,5.194185594198576,2.2764522069701174
Mekong-Synthetic,trigger:persistence:0.1:1.0:0.85,20,1.1763783996888681,0.0729317331537167,0.03196374135752279,211.63414864216975,16.227385812455328,7.11196540365809,1177.0,121.78929172528827,53.37651050494225,900.0,0.0,0.0,2077.0,121.78929172528827,53.37651050494225,19.682274247491637,2.03661022951987,0.8925837877080639,30.63367919287024,6.548589503900293,2.870045892342685,7.207357859531773,1.8715104034212182,0.8202255985989881
Tokyo-Bernoulli,trigger:persistence:0.1:1.0:0.85,20,3.2597643322963314,0.12166865303636418,0.05332363826834871,720.4076167549402,40.69996646164778,17.83754677128038,1830.0,208.4024446770441,91.33639846310192,900.0,0.0,0.0,2730.0,208.4024446770441,91.33639846310192,30.60200668896321,3.4849907136629454,1.5273645227943466,29.802627331147697,4.727553614687608,2.071941724944402,50.2675585284281,5.300432758427325,2.323017079770003
Tokyo-Burst,trigger:persistence:0.1:1.0:0.85,20,3.2414920570253387,0.3598116932009387,0.15769442739893316,698.2097601842366,53.46338252098771,23.431360494304506,1638.0,201.35331607583927,88.24698163915325,900.0,0.0,0.0,2538.0,201.35331607583927,88.24698163915325,27.391304347826082,3.3671123089605235,1.4757020340995528,17.648954674639842,5.700523227567591,2.498364459054897,47.94314381270903,6.223247898603161,2.7274586470534397
Mekong-Synthetic,channel:persistence:0.05:0.7:0.85,20,1.118131639798526,0.05553559641675665,0.024339548276736876,201.08239540389383,15.902111194850152,6.969407517019287,1059.0,104.5239836491833,45.80965561285547,900.0,0.0,0.0,1959.0,104.5239836491833,45.80965561285547,17.70903010033445,1.7478927031636002,0.7660477527233357,19.9319799613768,6.909152403793569,3.028069550590545,5.986622073578595,1.1478418429634163,0.5030638681038281
Tokyo-Bernoulli,channel:persistence:0.05:0.7:0.85,20,3.16836153876166,0.12433465520016185,0.05449206523336568,684.9368691264656,40.51674150258753,17.757244892408245,1689.0,182.09020321056033,79.80455019345041,900.0,0.0,0.0,2589.0,182.09020321056033,79.80455019345041,28.244147157190632,3.044986675761878,1.3345242507265955,19.046591999451238,4.455039472156173,1.952507136028453,45.434782608695656,5.745130009407832,2.517914243159544
Tokyo-Burst,channel:persistence:0.05:0.7:0.85,20,3.07091091909992,0.07740540493558895,0.033924414463327425,648.0370180898026,22.785832767900068,9.98633151462148,1609.0,125.06419404281526,54.811799728467996,900.0,0.0,0.0,2509.0,125.06419404281526,54.811799728467996,26.90635451505016,2.091374482321325,0.9165852797402673,8.166945532640826,2.930457345363805,1.284329558561821,41.08695652173914,4.373174318006601,1.9166281502937321
Mekong-Synthetic,channel:persistence:0.05:1.0:0.85,20,1.1541328239735598,0.06725045022914396,0.029473809333047107,207.11661603639828,15.046891830616238,6.594591104735454,1182.0,106.4053817396371,46.634214681362096,900.0,0.0,0.0,2082.0,106.4053817396371,46.634214681362096,19.765886287625413,1.7793542096929276,0.779836365909065,29.888397320755843,5.984655509745476,2.6228909221750696,6.471571906354515,1.40759206084485,0.6169044203970685
Tokyo-Bernoulli,channel:persistence:0.05:1.0:0.85,20,3.2210805111485454,0.11340294597206185,0.04970103242428419,701.960285845226,37.04738561447859,16.2367326340339,1895.0,164.26871438687218,71.9939383413266,900.0,0.0,0.0,2795.0,164.26871438687218,71.9939383413266,31.688963210702344,2.7469684680078963,1.203912012396766,29.275384399963137,5.276329132622458,2.3124531999924387,47.22408026755853,5.044924542961186,2.211035667005981
Tokyo-Burst,channel:persistence:0.05:1.0:0.85,20,3.2100285832063933,0.3422816488387327,0.15001154671380718,681.9282643153588,43.99244086725993,19.280537301965268,1732.0,140.13527299306946,61.41699130576677,900.0,0.0,0.0,2632.0,140.13527299306946,61.41699130576677,28.963210702341136,2.343399213930928,1.0270399883907488,17.575239067232022,3.36704028496445,1.4756704681915114,44.61538461538461,5.194185594198576,2.2764522069701174
Mekong-Synthetic,channel:persistence:0.05:1.3:0.85,20,1.1688099237758922,0.08359177170789141,0.036635709244103816,210.29868277005366,15.631984940995265,6.851019466458416,1239.0,110.21032523985076,48.30180469549875,900.0,0.0,0.0,2139.0,110.21032523985076,48.30180469549875,20.719063545150505,1.8429820274222537,0.8077224865468019,32.89754717834012,5.372765804302553,2.3547184348589405,6.789297658862877,1.719453222474018,0.7535836007582627
Tokyo-Bernoulli,channel:persistence:0.05:1.3:0.85,20,3.297304572832411,0.11736676293313351,0.051438251802647474,733.6433671645502,46.22959879062944,20.261014991804338,1990.0,374.98070125779736,164.34253829954324,900.0,0.0,0.0,2890.0,374.98070125779736,164.34253829954324,33.27759197324415,6.27058028859193,2.7482029815977134,38.56086512374405,5.853367451654917,2.565351393760281,52.575250836120404,9.013199123390315,3.9502086831898824
Tokyo-Burst,channel:persistence:0.05:1.3:0.85,20,3.713609918899846,0.5702894950962909,0.24994039126631049,821.3950349706329,96.63330963298363,42.35141524910677,2221.0,303.0702541447584,132.82639528426014,900.0,0.0,0.0,3121.0,303.0702541447584,132.82639528426014,37.14046822742475,5.068064450581244,2.2211771786665575,43.56867286830987,7.580553408777555,3.322324014902495,56.70568561872909,7.414033222215047,3.249343325373671
Mekong-Synthetic,model:persistence:0.05:1.0:0.8,20,1.0306650112174913,0.05652017398415566,0.024771058421222684,239.6130699083128,14.251259088135376,6.245889680862343,1277.0,101.830612706644,44.62923375169193,900.0,0.0,0.0,2177.0,101.830612706644,44.62923375169193,21.354515050167223,1.70285305529505,0.7463082567172562,23.861444562045033,4.659561046200998,2.0421426679446317,6.120401337792641,1.9893045009930694,0.8718511380646929
Tokyo-Bernoulli,model:persistence:0.05:1.0:0.8,20,7.700904240523255,0.06000047754479496,0.026296368708631796,2278.7672346517234,12.935323860225504,5.6691556386380855,541.0,144.72842080764124,63.43002709160784,900.0,0.0,0.0,1441.0,144.72842080764124,63.43002709160784,9.046822742474916,2.420207705813399,1.0607027941740443,27.661043196016756,7.594762244718391,3.328551311819286,100.0,0.0,0.0
Tokyo-Burst,model:persistence:0.05:1.0:0.8,20,7.677965366497138,0.03693681910375013,0.016188274724165237,2274.717234646936,10.448286571083706,4.579163488182905,508.0,105.51128650029516,46.2423601655907,900.0,0.0,0.0,1408.0,105.51128650029516,46.2423601655907,8.494983277591974,1.7644027842858723,0.7732836148092092,15.261509753358421,11.503546335088036,5.041651471164783,100.0,0.0,0.0
Mekong-Synthetic,model:persistence:0.05:1.0:0.85,20,1.1541328239735598,0.06725045022914396,0.029473809333047107,207.11661603639828,15.046891830616238,6.594591104735454,1182.0,106.4053817396371,46.634214681362096,900.0,0.0,0.0,2082.0,106.4053817396371,46.634214681362096,19.765886287625413,1.7793542096929276,0.779836365909065,29.888397320755843,5.984655509745476,2.6228909221750696,6.471571906354515,1.40759206084485,0.6169044203970685
Tokyo-Bernoulli,model:persistence:0.05:1.0:0.85,20,3.2210805111485454,0.11340294597206185,0.04970103242428419,701.960285845226,37.04738561447859,16.2367326340339,1895.0,164.26871438687218,71.9939383413266,900.0,0.0,0.0,2795.0,164.26871438687218,71.9939383413266,31.688963210702344,2.7469684680078963,1.203912012396766,29.275384399963137,5.276329132622458,2.3124531999924387,47.22408026755853,5.044924542961186,2.211035667005981
Tokyo-Burst,model:persistence:0.05:1.0:0.85,20,3.2100285832063933,0.3422816488387327,0.15001154671380718,681.9282643153588,43.99244086725993,19.280537301965268,1732.0,140.13527299306946,61.41699130576677,900.0,0.0,0.0,2632.0,140.13527299306946,61.41699130576677,28.963210702341136,2.343399213930928,1.0270399883907488,17.575239067232022,3.36704028496445,1.4756704681915114,44.61538461538461,5.194185594198576,2.2764522069701174
Mekong-Synthetic,model:persistence:0.05:1.0:0.9,20,2.015450669758354,0.11984781992841397,0.052525622973757166,464.19538339335776,27.828508634753042,12.196381655870542,1722.0,106.80035481904396,46.807319265709985,900.0,0.0,0.0,2622.0,106.80035481904396,46.807319265709985,28.795986622073578,1.7859591106863542,0.7827310913998328,27.546613710001537,3.5690282188646387,1.5641955833552805,29.849498327759193,3.5970059446457436,1.5764573623089508
Tokyo-Bernoulli,model:persistence:0.05:1.0:0.9,20,2.6942784646404805,0.8740722772412247,0.3830790657152464,398.12381990333887,100.65088913829204,44.11219710136718,1970.0,95.25588806224167,41.747733628999484,900.0,0.0,0.0,2870.0,95.25588806224167,41.747733628999484,32.94314381270904,1.5929078271277866,0.698122635936446,29.547707267265906,3.7571721702966694,1.6466533056869386,13.812709030100333,2.9459828524189535,1.291133912037272
Tokyo-Burst,model:persistence:0.05:1.0:0.9,20,2.3775983295785723,0.5818206430046868,0.25499413966033896,351.4170534774047,67.873100757401,29.746697958899258,1770.0,83.72888579092327,36.69580214052885,900.0,0.0,0.0,2670.0,83.72888579092327,36.69580214052885,29.598662207357865,1.40014859182146,0.6136421762630245,17.00042102374927,5.763934775944099,2.5261557954696605,11.020066889632107,2.5803208618298914,1.1308754787592459
