plant,network,contrast,metric,n_pairs,mean_difference,sd_difference,ci95_low,ci95_high,p_value,cohen_dz,probability_A_better,better_direction,crn_gate,holm_family,p_value_holm
greenhouse,N0_ideal,ET-MPC_minus_TT-MPC,nrmse,50,-0.0004645389825252233,0.0012423671165050921,-0.0008176158104072676,-0.00011146215464317907,0.010975900813679268,-0.37391442219753834,0.68,lower,True,network_metric:N0_ideal:nrmse,0.03292770244103781
greenhouse,N0_ideal,ET-MPC_minus_TT-MPC,violation_pct,50,-0.017361111111111,0.08036632810525651,-0.040200968846363,0.005478746624140999,0.1330604239841726,-0.21602468994692647,0.12,lower,True,network_metric:N0_ideal:violation_pct,0.39918127195251774
greenhouse,N0_ideal,ET-MPC_minus_TT-MPC,transmissions,50,-213.06,1.5832026440872622,-213.50994121306212,-212.61005878693788,3.3097515035587497e-106,-134.5753184506788,1.0,lower,True,network_metric:N0_ideal:transmissions,9.929254510676249e-106
greenhouse,N0_ideal,ET-MPC_minus_TT-MPC,total_modeled_energy_mj,50,-554.0418763012121,4.715635055602994,-555.3820449556799,-552.7017076467444,2.5633440524527894e-103,-117.49040580290752,1.0,lower,True,network_metric:N0_ideal:total_modeled_energy_mj,7.690032157358368e-103
greenhouse,N0_ideal,ET-MPC_minus_TT-MPC,command_applied_pct,50,0.0,0.0,0.0,0.0,,,0.0,higher,True,network_metric:N0_ideal:command_applied_pct,1.0
greenhouse,N0_ideal,ET-MPC_minus_TT-MPC,deadline_miss_pct,50,0.0,0.0,0.0,0.0,,,0.0,lower,True,network_metric:N0_ideal:deadline_miss_pct,1.0
greenhouse,N0_ideal,ET-PI_minus_TT-PI,nrmse,50,-0.00038324931223552737,0.0002383137145352383,-0.0004509773205279491,-0.00031552130394310563,2.3833053666052457e-15,-1.6081714515798802,0.96,lower,True,network_metric:N0_ideal:nrmse,9.533221466420983e-15
greenhouse,N0_ideal,ET-PI_minus_TT-PI,violation_pct,50,-0.20486111111111158,0.25217250957286874,-0.2765277453741877,-0.13319447684803545,5.780735677299451e-07,-0.8123847895161392,0.66,lower,True,network_metric:N0_ideal:violation_pct,2.3122942709197804e-06
greenhouse,N0_ideal,ET-PI_minus_TT-PI,transmissions,50,-212.32,1.0774118648551316,-212.62619706406562,-212.01380293593436,2.532523996269942e-114,-197.06484300555616,1.0,lower,True,network_metric:N0_ideal:transmissions,1.0130095985079768e-113
greenhouse,N0_ideal,ET-PI_minus_TT-PI,total_modeled_energy_mj,50,-575.0695776342759,4.378099215390124,-576.3138196643381,-573.8253356042137,1.0858449887430756e-105,-131.35142657634646,1.0,lower,True,network_metric:N0_ideal:total_modeled_energy_mj,4.343379954972302e-105
greenhouse,N0_ideal,ET-PI_minus_TT-PI,command_applied_pct,50,0.0,0.0,0.0,0.0,,,0.0,higher,True,network_metric:N0_ideal:command_applied_pct,1.0
greenhouse,N0_ideal,ET-PI_minus_TT-PI,deadline_miss_pct,50,0.0,0.0,0.0,0.0,,,0.0,lower,True,network_metric:N0_ideal:deadline_miss_pct,1.0
greenhouse,N1_nominal,ET-MPC_minus_TT-MPC,nrmse,50,0.00023713816261612176,0.0012872820926228708,-0.00012870336024326098,0.0006029796854755045,0.19879874298921407,0.18421615897176552,0.46,lower,True,network_metric:N1_nominal:nrmse,0.5963962289676422
greenhouse,N1_nominal,ET-MPC_minus_TT-MPC,violation_pct,50,-0.017361111111111285,0.08768685282571351,-0.04228143895249592,0.007559216730273349,0.1678133109168125,-0.19798989873223355,0.14,lower,True,network_metric:N1_nominal:violation_pct,0.5034399327504375
greenhouse,N1_nominal,ET-MPC_minus_TT-MPC,transmissions,50,-211.62,1.915458063189256,-212.16436715839234,-211.07563284160767,5.222863685474567e-102,-110.48010085256092,1.0,lower,True,network_metric:N1_nominal:transmissions,1.56685910564237e-101
greenhouse,N1_nominal,ET-MPC_minus_TT-MPC,total_modeled_energy_mj,50,-616.9099039980931,10.356570198803125,-619.8532086823137,-613.9665993138725,7.269437732279243e-89,-59.56700839718032,1.0,lower,True,network_metric:N1_nominal:total_modeled_energy_mj,2.180831319683773e-88
greenhouse,N1_nominal,ET-MPC_minus_TT-MPC,command_applied_pct,50,0.1080516540670331,1.5135847148182782,-0.3221043624107226,0.5382076705447888,0.6159699618753145,0.07138791308420807,0.56,higher,True,network_metric:N1_nominal:command_applied_pct,1.0
greenhouse,N1_nominal,ET-MPC_minus_TT-MPC,deadline_miss_pct,50,0.0,0.0,0.0,0.0,,,0.0,lower,True,network_metric:N1_nominal:deadline_miss_pct,1.0
greenhouse,N1_nominal,ET-PI_minus_TT-PI,nrmse,50,-0.0003914763988940106,0.0002649576822647626,-0.00046677653903309286,-0.0003161762587549284,4.612507987195727e-14,-1.477505371981713,0.94,lower,True,network_metric:N1_nominal:nrmse,1.8450031948782908e-13
greenhouse,N1_nominal,ET-PI_minus_TT-PI,violation_pct,50,-0.10416666666666785,0.16821254918465497,-0.1519721441998676,-0.05636118913346811,6.260706002591014e-05,-0.6192562158505731,0.56,lower,True,network_metric:N1_nominal:violation_pct,0.00025042824010364055
greenhouse,N1_nominal,ET-PI_minus_TT-PI,transmissions,50,-211.26,1.6880129605847347,-211.73972797543422,-210.78027202456576,1.1597894647702682e-104,-125.15306750181506,1.0,lower,True,network_metric:N1_nominal:transmissions,4.639157859081073e-104
greenhouse,N1_nominal,ET-PI_minus_TT-PI,total_modeled_energy_mj,50,-637.9861390550625,10.208458178216187,-640.8873507687712,-635.0849273413538,6.923803999089001e-90,-62.495837071308195,1.0,lower,True,network_metric:N1_nominal:total_modeled_energy_mj,2.7695215996356004e-89
greenhouse,N1_nominal,ET-PI_minus_TT-PI,command_applied_pct,50,0.19066022994792461,1.3984538339213848,-0.20677595220848058,0.5880964121043298,0.3397575550032149,0.1363364491005734,0.6,higher,True,network_metric:N1_nominal:command_applied_pct,1.0
greenhouse,N1_nominal,ET-PI_minus_TT-PI,deadline_miss_pct,50,0.0,0.0,0.0,0.0,,,0.0,lower,True,network_metric:N1_nominal:deadline_miss_pct,1.0
greenhouse,N2_iid_loss,ET-MPC_minus_TT-MPC,nrmse,50,-0.00028033778010962075,0.0013436606120770923,-0.0006622019009153981,0.00010152634069615657,0.14653206626534834,-0.20863734308343065,0.6,lower,True,network_metric:N2_iid_loss:nrmse,0.43959619879604506
greenhouse,N2_iid_loss,ET-MPC_minus_TT-MPC,violation_pct,50,0.003472222222222143,0.13804484176662463,-0.03575968772525817,0.04270413216970245,0.8595680887717461,0.025152857417825147,0.1,lower,True,network_metric:N2_iid_loss:violation_pct,1.0
greenhouse,N2_iid_loss,ET-MPC_minus_TT-MPC,transmissions,50,-205.16,3.171042447537029,-206.0612002922335,-204.25879970776649,1.2693522028755446e-90,-64.69796711783194,1.0,lower,True,network_metric:N2_iid_loss:transmissions,3.808056608626634e-90
greenhouse,N2_iid_loss,ET-MPC_minus_TT-MPC,total_modeled_energy_mj,50,-678.1228639978757,20.74901622218103,-684.0196691628495,-672.2260588329019,4.2546682106633025e-76,-32.68216944536154,1.0,lower,True,network_metric:N2_iid_loss:total_modeled_energy_mj,1.2764004631989908e-75
greenhouse,N2_iid_loss,ET-MPC_minus_TT-MPC,command_applied_pct,50,-0.015182974626038969,3.6582230516848306,-1.0548384626168608,1.0244725133647827,0.9767066204220558,-0.004150368747757548,0.54,higher,True,network_metric:N2_iid_loss:command_applied_pct,0.9767066204220558
greenhouse,N2_iid_loss,ET-MPC_minus_TT-MPC,deadline_miss_pct,50,0.0,0.0,0.0,0.0,,,0.0,lower,True,network_metric:N2_iid_loss:deadline_miss_pct,1.0
greenhouse,N2_iid_loss,ET-PI_minus_TT-PI,nrmse,50,-0.0002839193567395348,0.00029995504056316846,-0.0003691656360576814,-0.00019867307742138824,1.9833865577680143e-08,-0.9465397087725997,0.86,lower,True,network_metric:N2_iid_loss:nrmse,7.933546231072057e-08
greenhouse,N2_iid_loss,ET-PI_minus_TT-PI,violation_pct,50,-0.14236111111111144,0.22373726212984046,-0.20594653746563593,-0.07877568475658694,4.203333195066797e-05,-0.6362869991163816,0.58,lower,True,network_metric:N2_iid_loss:violation_pct,0.00016813332780267189
greenhouse,N2_iid_loss,ET-PI_minus_TT-PI,transmissions,50,-204.94,2.9582813543387947,-205.78073425857474,-204.09926574142526,4.454098566773161e-92,-69.2767101747853,1.0,lower,True,network_metric:N2_iid_loss:transmissions,1.7816394267092645e-91
greenhouse,N2_iid_loss,ET-PI_minus_TT-PI,total_modeled_energy_mj,50,-697.9107071001292,18.982575607730546,-703.3054953970562,-692.5159188032022,1.3344849729750639e-78,-36.76585946618904,1.0,lower,True,network_metric:N2_iid_loss:total_modeled_energy_mj,5.337939891900255e-78
greenhouse,N2_iid_loss,ET-PI_minus_TT-PI,command_applied_pct,50,0.352583825270533,3.2894031894486,-0.5822542176283836,1.2874218681694496,0.452121586197502,0.10718777996005906,0.52,higher,True,network_metric:N2_iid_loss:command_applied_pct,0.904243172395004
greenhouse,N2_iid_loss,ET-PI_minus_TT-PI,deadline_miss_pct,50,0.0,0.0,0.0,0.0,,,0.0,lower,True,network_metric:N2_iid_loss:deadline_miss_pct,1.0
greenhouse,N3_burst_loss,ET-MPC_minus_TT-MPC,nrmse,50,0.00023169768383109467,0.0022923185326829483,-0.0004197720349519847,0.000883167402614174,0.478177747473693,0.10107569280954763,0.48,lower,True,network_metric:N3_burst_loss:nrmse,0.956355494947386
greenhouse,N3_burst_loss,ET-MPC_minus_TT-MPC,violation_pct,50,0.0034722222222222853,0.08935458102505858,-0.02192206872923777,0.028866513173682343,0.7846450935789836,0.038858916715736554,0.12,lower,True,network_metric:N3_burst_loss:violation_pct,1.0
greenhouse,N3_burst_loss,ET-MPC_minus_TT-MPC,transmissions,50,-196.82,4.5296753949564055,-198.10731950366298,-195.532680496337,3.7337633355742634e-82,-43.451237194424664,1.0,lower,True,network_metric:N3_burst_loss:transmissions,1.120129000672279e-81
greenhouse,N3_burst_loss,ET-MPC_minus_TT-MPC,total_modeled_energy_mj,50,-677.1003119978835,22.533073136540022,-683.5041405279435,-670.6964834678236,2.5974840970972543e-74,-30.049177397817342,1.0,lower,True,network_metric:N3_burst_loss:total_modeled_energy_mj,7.792452291291762e-74
greenhouse,N3_burst_loss,ET-MPC_minus_TT-MPC,command_applied_pct,50,-1.754686643108474,4.055355614207022,-2.9072059565830637,-0.6021673296338843,0.003589412681340211,-0.4326837915178945,0.28,higher,True,network_metric:N3_burst_loss:command_applied_pct,0.014357650725360844
greenhouse,N3_burst_loss,ET-MPC_minus_TT-MPC,deadline_miss_pct,50,0.0,0.0,0.0,0.0,,,0.0,lower,True,network_metric:N3_burst_loss:deadline_miss_pct,1.0
greenhouse,N3_burst_loss,ET-PI_minus_TT-PI,nrmse,50,-0.00025753894603634196,0.0003229761633222293,-0.0003493277560525948,-0.00016575013602008912,8.397934799363278e-07,-0.7973930440786076,0.82,lower,True,network_metric:N3_burst_loss:nrmse,3.3591739197453114e-06
greenhouse,N3_burst_loss,ET-PI_minus_TT-PI,violation_pct,50,-0.13194444444444542,0.261442141926677,-0.2062454790740753,-0.05764340981481551,0.000814517758311403,-0.5046793277934896,0.5,lower,True,network_metric:N3_burst_loss:violation_pct,0.003258071033245612
greenhouse,N3_burst_loss,ET-PI_minus_TT-PI,transmissions,50,-196.54,4.036618103596835,-197.68719417187936,-195.39280582812063,1.4161938614133326e-84,-48.689272791219146,1.0,lower,True,network_metric:N3_burst_loss:transmissions,5.66477544565333e-84
greenhouse,N3_burst_loss,ET-PI_minus_TT-PI,total_modeled_energy_mj,50,-696.035154357937,22.97759510506874,-702.5653146336516,-689.5049940822224,1.7519700783370155e-74,-30.29190614488612,1.0,lower,True,network_metric:N3_burst_loss:total_modeled_energy_mj,7.007880313348062e-74
greenhouse,N3_burst_loss,ET-PI_minus_TT-PI,command_applied_pct,50,-1.5682052027939781,4.002920694565212,-2.7058226769881943,-0.4305877285997619,0.007892189100943298,-0.39176524404371516,0.34,higher,True,network_metric:N3_burst_loss:command_applied_pct,0.023676567302829896
greenhouse,N3_burst_loss,ET-PI_minus_TT-PI,deadline_miss_pct,50,0.0,0.0,0.0,0.0,,,0.0,lower,True,network_metric:N3_burst_loss:deadline_miss_pct,1.0
greenhouse,N4_contention_duty,ET-MPC_minus_TT-MPC,nrmse,50,-0.00027176233052546127,0.0025453930426089554,-0.0009951550292356347,0.0004516303681847121,0.45389119992042304,-0.10676635237712154,0.6,lower,True,network_metric:N4_contention_duty:nrmse,1.0
greenhouse,N4_contention_duty,ET-MPC_minus_TT-MPC,violation_pct,50,2.842170943040401e-16,0.1888832615541649,-0.053680028989470864,0.05368002898947143,0.9999999999999916,1.5047235629322128e-15,0.18,lower,True,network_metric:N4_contention_duty:violation_pct,1.0
greenhouse,N4_contention_duty,ET-MPC_minus_TT-MPC,transmissions,50,-193.12,4.108925079156646,-194.28774358696387,-191.95225641303614,7.983364303732842e-84,-47.000126865208685,1.0,lower,True,network_metric:N4_contention_duty:transmissions,3.1933457214931368e-83
greenhouse,N4_contention_duty,ET-MPC_minus_TT-MPC,total_modeled_energy_mj,50,-892.559920002516,38.58312286425883,-903.5251221957438,-881.5947178092882,9.39333204911429e-69,-23.13342865331753,1.0,lower,True,network_metric:N4_contention_duty:total_modeled_energy_mj,3.757332819645716e-68
greenhouse,N4_contention_duty,ET-MPC_minus_TT-MPC,command_applied_pct,50,0.16089667366401217,3.766797565904573,-0.9096153498550367,1.2314086971830611,0.7639023484861677,0.04271444664836238,0.48,higher,True,network_metric:N4_contention_duty:command_applied_pct,1.0
greenhouse,N4_contention_duty,ET-MPC_minus_TT-MPC,deadline_miss_pct,50,0.0,0.0,0.0,0.0,,,0.0,lower,True,network_metric:N4_contention_duty:deadline_miss_pct,1.0
greenhouse,N4_contention_duty,ET-PI_minus_TT-PI,nrmse,50,-0.00014127050587496635,0.00034228509521986726,-0.0002385468536195091,-4.3994158130423604e-05,0.005299543151326321,-0.4127276000265833,0.68,lower,True,network_metric:N4_contention_duty:nrmse,0.021198172605305283
greenhouse,N4_contention_duty,ET-PI_minus_TT-PI,violation_pct,50,-0.11458333333333413,0.1471885925095025,-0.15641386848937708,-0.07275279817729119,1.3430314066560184e-06,-0.7784797135412286,0.52,lower,True,network_metric:N4_contention_duty:violation_pct,5.372125626624074e-06
greenhouse,N4_contention_duty,ET-PI_minus_TT-PI,transmissions,50,-192.68,4.6879785470011335,-194.01230876168916,-191.34769123831086,5.687419450362604e-81,-41.10087067767322,1.0,lower,True,network_metric:N4_contention_duty:transmissions,1.706225835108781e-80
greenhouse,N4_contention_duty,ET-PI_minus_TT-PI,total_modeled_energy_mj,50,-918.537008827759,41.90052031030627,-930.445004943583,-906.629012711935,1.3044556190924531e-67,-21.921852092176202,1.0,lower,True,network_metric:N4_contention_duty:total_modeled_energy_mj,3.91336685727736e-67
greenhouse,N4_contention_duty,ET-PI_minus_TT-PI,command_applied_pct,50,0.12375799391095882,3.6267132946061134,-0.9069425202006571,1.1544585080225747,0.8103347807992809,0.0341240081191474,0.48,higher,True,network_metric:N4_contention_duty:command_applied_pct,1.0
greenhouse,N4_contention_duty,ET-PI_minus_TT-PI,deadline_miss_pct,50,0.0,0.0,0.0,0.0,,,0.0,lower,True,network_metric:N4_contention_duty:deadline_miss_pct,1.0
greenhouse,N5_full_stress,ET-MPC_minus_TT-MPC,nrmse,50,0.00015261263174242145,0.006093265709886774,-0.0015790743227073558,0.0018842995861921988,0.8601577063784334,0.025046114679488894,0.24,lower,True,network_metric:N5_full_stress:nrmse,1.0
greenhouse,N5_full_stress,ET-MPC_minus_TT-MPC,violation_pct,50,-0.048611111111111424,0.4910964800408281,-0.18817918648373622,0.09095696426151338,0.48728179812792605,-0.09898484938656057,0.04,lower,True,network_metric:N5_full_stress:violation_pct,0.9745635962558521
greenhouse,N5_full_stress,ET-MPC_minus_TT-MPC,transmissions,50,-101.08,9.171473075103417,-103.68650380820814,-98.47349619179185,4.861366899745562e-53,-11.021130321408071,1.0,lower,True,network_metric:N5_full_stress:transmissions,1.9445467598982248e-52
greenhouse,N5_full_stress,ET-MPC_minus_TT-MPC,total_modeled_energy_mj,50,-757.6532000023951,78.23114438775394,-779.8862452392273,-735.420154765563,2.58696228517555e-50,-9.684802720602868,1.0,lower,True,network_metric:N5_full_stress:total_modeled_energy_mj,1.03478491407022e-49
greenhouse,N5_full_stress,ET-MPC_minus_TT-MPC,command_applied_pct,50,0.2526548259499929,1.607266022229465,-0.20412512351275086,0.7094347754127366,0.27176051785630645,0.15719540042259542,0.56,higher,True,network_metric:N5_full_stress:command_applied_pct,1.0
greenhouse,N5_full_stress,ET-MPC_minus_TT-MPC,deadline_miss_pct,50,0.0,0.0,0.0,0.0,,,0.0,lower,True,network_metric:N5_full_stress:deadline_miss_pct,1.0
greenhouse,N5_full_stress,ET-PI_minus_TT-PI,nrmse,50,1.9573405440582726e-05,0.0009077671749550274,-0.0002384111712038781,0.00027755798208504355,0.8794444134004319,0.021562142783530844,0.48,lower,True,network_metric:N5_full_stress:nrmse,1.0
greenhouse,N5_full_stress,ET-PI_minus_TT-PI,violation_pct,50,0.017361111111110574,0.43136228003288934,-0.10523069245370503,0.1399529146759262,0.7771572282660386,0.04024717022032356,0.38,lower,True,network_metric:N5_full_stress:violation_pct,0.9745635962558521
greenhouse,N5_full_stress,ET-PI_minus_TT-PI,transmissions,50,-96.36,12.918520165456496,-100.03140280868091,-92.68859719131909,7.87053818173009e-45,-7.459058682097507,1.0,lower,True,network_metric:N5_full_stress:transmissions,2.361161454519027e-44
greenhouse,N5_full_stress,ET-PI_minus_TT-PI,total_modeled_energy_mj,50,-728.0007251887768,100.2185779562024,-756.4825299061831,-699.5189204713704,2.8165035131881897e-44,-7.264129466164729,1.0,lower,True,network_metric:N5_full_stress:total_modeled_energy_mj,8.449510539564569e-44
greenhouse,N5_full_stress,ET-PI_minus_TT-PI,command_applied_pct,50,0.2241448577784832,1.520850650482927,-0.2080761147673999,0.6563658303243662,0.30246016017973637,0.14738124200907488,0.52,higher,True,network_metric:N5_full_stress:command_applied_pct,1.0
greenhouse,N5_full_stress,ET-PI_minus_TT-PI,deadline_miss_pct,50,0.0,0.0,0.0,0.0,,,0.0,lower,True,network_metric:N5_full_stress:deadline_miss_pct,1.0
irrigation,N0_ideal,ET-MPC_minus_TT-MPC,nrmse,50,-9.174515325580113e-06,0.00046747400554352983,-0.00014202915772704467,0.00012368012707588444,0.890196874790671,-0.019625722963810464,0.4,lower,True,network_metric:N0_ideal:nrmse,1.0
irrigation,N0_ideal,ET-MPC_minus_TT-MPC,violation_pct,50,0.00297619047619027,0.1220837926476293,-0.03171963950125868,0.037672020453639224,0.863848562283998,0.024378260305038646,0.1,lower,True,network_metric:N0_ideal:violation_pct,0.8699440119159758
irrigation,N0_ideal,ET-MPC_minus_TT-MPC,transmissions,50,-51.94,6.453633686157128,-53.77410240012717,-50.105897599872826,2.0129612201483304e-46,-8.04817913843017,1.0,lower,True,network_metric:N0_ideal:transmissions,4.025922440296661e-46
irrigation,N0_ideal,ET-MPC_minus_TT-MPC,total_modeled_energy_mj,50,-135.35215890351918,16.700325895823696,-140.0983390088662,-130.60597879817217,1.435195976729344e-46,-8.104761532669679,1.0,lower,True,network_metric:N0_ideal:total_modeled_energy_mj,2.870391953458688e-46
irrigation,N0_ideal,ET-MPC_minus_TT-MPC,command_applied_pct,50,0.0,0.0,0.0,0.0,,,0.0,higher,True,network_metric:N0_ideal:command_applied_pct,1.0
irrigation,N0_ideal,ET-MPC_minus_TT-MPC,deadline_miss_pct,50,0.0,0.0,0.0,0.0,,,0.0,lower,True,network_metric:N0_ideal:deadline_miss_pct,1.0
irrigation,N0_ideal,ET-PI_minus_TT-PI,nrmse,50,2.7884490785648476e-05,0.002594150466136756,-0.0007093649143731993,0.0007651338959444963,0.9397231598065418,0.010748987442958326,0.5,lower,True,network_metric:N0_ideal:nrmse,1.0
irrigation,N0_ideal,ET-PI_minus_TT-PI,violation_pct,50,0.04761904761904787,0.427755743041011,-0.07394778947344688,0.16918588471154264,0.4349720059579879,0.11132298839639987,0.26,lower,True,network_metric:N0_ideal:violation_pct,0.8699440119159758
irrigation,N0_ideal,ET-PI_minus_TT-PI,transmissions,50,-52.04,6.901523049890022,-54.001391148910045,-50.07860885108995,4.6684247831158526e-45,-7.5403645867457145,1.0,lower,True,network_metric:N0_ideal:transmissions,4.6684247831158526e-45
irrigation,N0_ideal,ET-PI_minus_TT-PI,total_modeled_energy_mj,50,-138.32756988674936,17.177761094674644,-143.20943557431278,-133.44570419918594,1.9589675236348216e-46,-8.05271240671946,1.0,lower,True,network_metric:N0_ideal:total_modeled_energy_mj,2.870391953458688e-46
irrigation,N0_ideal,ET-PI_minus_TT-PI,command_applied_pct,50,0.0,0.0,0.0,0.0,,,0.0,higher,True,network_metric:N0_ideal:command_applied_pct,1.0
irrigation,N0_ideal,ET-PI_minus_TT-PI,deadline_miss_pct,50,0.0,0.0,0.0,0.0,,,0.0,lower,True,network_metric:N0_ideal:deadline_miss_pct,1.0
irrigation,N1_nominal,ET-MPC_minus_TT-MPC,nrmse,50,6.82928877676836e-05,0.00037354113310140286,-3.786632765804698e-05,0.00017445210319341417,0.20215245631344955,0.1828256160189581,0.36,lower,True,network_metric:N1_nominal:nrmse,0.5963962289676422
irrigation,N1_nominal,ET-MPC_minus_TT-MPC,violation_pct,50,-0.01785714285714317,0.10257090205624858,-0.047007470686889506,0.01129318497260317,0.2241835324953237,-0.17409560118083525,0.08,lower,True,network_metric:N1_nominal:violation_pct,0.5034399327504375
irrigation,N1_nominal,ET-MPC_minus_TT-MPC,transmissions,50,-53.24,6.641121124924495,-55.12738574066981,-51.352614259330196,2.431987025691283e-46,-8.016718713379182,1.0,lower,True,network_metric:N1_nominal:transmissions,2.431987025691283e-46
irrigation,N1_nominal,ET-MPC_minus_TT-MPC,total_modeled_energy_mj,50,-154.6299839979068,19.344376159305153,-160.1275948739079,-149.13237312190572,2.7968984848028352e-46,-7.993536866968218,1.0,lower,True,network_metric:N1_nominal:total_modeled_energy_mj,2.7968984848028352e-46
irrigation,N1_nominal,ET-MPC_minus_TT-MPC,command_applied_pct,50,-0.04447027551154804,0.35339372493706656,-0.14490366089058526,0.05596310986748918,0.3779172787532118,-0.12583776217154802,0.42,higher,True,network_metric:N1_nominal:command_applied_pct,1.0
irrigation,N1_nominal,ET-MPC_minus_TT-MPC,deadline_miss_pct,50,0.0,0.0,0.0,0.0,,,0.0,lower,True,network_metric:N1_nominal:deadline_miss_pct,1.0
irrigation,N1_nominal,ET-PI_minus_TT-PI,nrmse,50,-0.0003267070496904989,0.0018032864797494989,-0.0008391953967932706,0.0001857812974122728,0.20619299324565848,-0.18117312659932047,0.54,lower,True,network_metric:N1_nominal:nrmse,0.5963962289676422
irrigation,N1_nominal,ET-PI_minus_TT-PI,violation_pct,50,-0.011904761904761472,0.4771006850035899,-0.14749527633764042,0.12368575252811748,0.8606759505663504,-0.024952305202982254,0.4,lower,True,network_metric:N1_nominal:violation_pct,0.8606759505663504
irrigation,N1_nominal,ET-PI_minus_TT-PI,transmissions,50,-53.5,6.399138972692868,-55.31861517391949,-51.68138482608051,3.1992277596192973e-47,-8.36049978415866,1.0,lower,True,network_metric:N1_nominal:transmissions,6.398455519238595e-47
irrigation,N1_nominal,ET-PI_minus_TT-PI,total_modeled_energy_mj,50,-158.95951382144165,19.488142278746427,-164.49798257651477,-153.42104506636852,1.0540054228534542e-46,-8.15672995136131,1.0,lower,True,network_metric:N1_nominal:total_modeled_energy_mj,2.1080108457069083e-46
irrigation,N1_nominal,ET-PI_minus_TT-PI,command_applied_pct,50,-0.02515073513283113,0.4013498788684912,-0.1392131086608484,0.08891163839518615,0.6596356674204595,-0.06266536121485208,0.4,higher,True,network_metric:N1_nominal:command_applied_pct,1.0
irrigation,N1_nominal,ET-PI_minus_TT-PI,deadline_miss_pct,50,0.0,0.0,0.0,0.0,,,0.0,lower,True,network_metric:N1_nominal:deadline_miss_pct,1.0
irrigation,N2_iid_loss,ET-MPC_minus_TT-MPC,nrmse,50,5.365935792398524e-06,0.00046999841153537154,-0.00012820613485394202,0.00013893800643873907,0.9359856444621575,0.011416923250589944,0.4,lower,True,network_metric:N2_iid_loss:nrmse,1.0
irrigation,N2_iid_loss,ET-MPC_minus_TT-MPC,violation_pct,50,-0.008928571428571633,0.09700029376317948,-0.0364957498982293,0.018638607041086032,0.5181713881765779,-0.09204684936697424,0.1,lower,True,network_metric:N2_iid_loss:violation_pct,1.0
irrigation,N2_iid_loss,ET-MPC_minus_TT-MPC,transmissions,50,-48.6,8.344618209434419,-50.97151425543367,-46.228485744566335,1.1124793851057038e-39,-5.824113072669146,1.0,lower,True,network_metric:N2_iid_loss:transmissions,1.1124793851057038e-39
irrigation,N2_iid_loss,ET-MPC_minus_TT-MPC,total_modeled_energy_mj,50,-161.55056799867606,27.981008281887597,-169.5026825659885,-153.59845343136362,1.684968774221408e-39,-5.773579220990741,1.0,lower,True,network_metric:N2_iid_loss:total_modeled_energy_mj,3.369937548442816e-39
irrigation,N2_iid_loss,ET-MPC_minus_TT-MPC,command_applied_pct,50,-0.1724903266961428,0.7984129190485293,-0.3993967676769016,0.05441611428461593,0.13303093080175032,-0.21604150256198254,0.4,higher,True,network_metric:N2_iid_loss:command_applied_pct,0.399092792405251
irrigation,N2_iid_loss,ET-MPC_minus_TT-MPC,deadline_miss_pct,50,0.0,0.0,0.0,0.0,,,0.0,lower,True,network_metric:N2_iid_loss:deadline_miss_pct,1.0
irrigation,N2_iid_loss,ET-PI_minus_TT-PI,nrmse,50,-0.00012432773716632983,0.0019688420945380156,-0.0006838664694016604,0.0004352109950690007,0.6571879783108426,-0.06314764272423942,0.54,lower,True,network_metric:N2_iid_loss:nrmse,1.0
irrigation,N2_iid_loss,ET-PI_minus_TT-PI,violation_pct,50,0.06547619047619038,0.34561907198812236,-0.032747662982186274,0.16370004393456705,0.18656006700488478,0.18944611505247186,0.22,lower,True,network_metric:N2_iid_loss:violation_pct,0.5596802010146543
irrigation,N2_iid_loss,ET-PI_minus_TT-PI,transmissions,50,-48.36,8.001938540638966,-50.634125771119685,-46.085874228880314,1.9063135914410083e-40,-6.04353554509285,1.0,lower,True,network_metric:N2_iid_loss:transmissions,3.812627182882017e-40
irrigation,N2_iid_loss,ET-PI_minus_TT-PI,total_modeled_energy_mj,50,-163.64620000504055,28.407445479221593,-171.7195066829017,-155.5728933271794,1.8743648014657272e-39,-5.760679893753147,1.0,lower,True,network_metric:N2_iid_loss:total_modeled_energy_mj,3.369937548442816e-39
irrigation,N2_iid_loss,ET-PI_minus_TT-PI,command_applied_pct,50,-0.18469548774892786,0.7409600267382392,-0.39527399739596736,0.025883021898111647,0.08420942488471704,-0.24926511698879497,0.34,higher,True,network_metric:N2_iid_loss:command_applied_pct,0.33683769953886816
irrigation,N2_iid_loss,ET-PI_minus_TT-PI,deadline_miss_pct,50,0.0,0.0,0.0,0.0,,,0.0,lower,True,network_metric:N2_iid_loss:deadline_miss_pct,1.0
irrigation,N3_burst_loss,ET-MPC_minus_TT-MPC,nrmse,50,7.227194958715821e-05,0.0003916283258022796,-3.902758912890685e-05,0.00018357148830322326,0.19801851772584086,0.1845421917301405,0.32,lower,True,network_metric:N3_burst_loss:nrmse,0.5940555531775226
irrigation,N3_burst_loss,ET-MPC_minus_TT-MPC,violation_pct,50,2.486899575160351e-16,0.1041449720571068,-0.029597673574320155,0.029597673574320655,0.9999999999999867,2.3879209202693776e-15,0.04,lower,True,network_metric:N3_burst_loss:violation_pct,1.0
irrigation,N3_burst_loss,ET-MPC_minus_TT-MPC,transmissions,50,-47.78,6.322263867331326,-49.576767510709836,-45.98323248929017,4.186868513391164e-45,-7.557419462811553,1.0,lower,True,network_metric:N3_burst_loss:transmissions,4.186868513391164e-45
irrigation,N3_burst_loss,ET-MPC_minus_TT-MPC,total_modeled_energy_mj,50,-164.1647199967414,23.2476966648838,-170.77164228641996,-157.55779770706286,1.0978588395732474e-43,-7.0615477465651955,1.0,lower,True,network_metric:N3_burst_loss:total_modeled_energy_mj,1.0978588395732474e-43
irrigation,N3_burst_loss,ET-MPC_minus_TT-MPC,command_applied_pct,50,-0.16653482355560756,0.9760341173332541,-0.44392065055826857,0.11085100344705345,0.23341999831344962,-0.1706239777873937,0.36,higher,True,network_metric:N3_burst_loss:command_applied_pct,0.46683999662689923
irrigation,N3_burst_loss,ET-MPC_minus_TT-MPC,deadline_miss_pct,50,0.0,0.0,0.0,0.0,,,0.0,lower,True,network_metric:N3_burst_loss:deadline_miss_pct,1.0
irrigation,N3_burst_loss,ET-PI_minus_TT-PI,nrmse,50,0.00013679977087066808,0.002532218775412732,-0.000582848842528878,0.0008564483842702143,0.7041093575721025,0.05402367765335394,0.52,lower,True,network_metric:N3_burst_loss:nrmse,0.956355494947386
irrigation,N3_burst_loss,ET-PI_minus_TT-PI,violation_pct,50,0.05654761904761941,0.5283839401895809,-0.0936174352487033,0.2067126733439421,0.4528258680202366,0.10701994278503331,0.24,lower,True,network_metric:N3_burst_loss:violation_pct,1.0
irrigation,N3_burst_loss,ET-PI_minus_TT-PI,transmissions,50,-48.02,6.025422332560123,-49.73240607994734,-46.30759392005267,3.233248193583013e-46,-7.9695658411378,1.0,lower,True,network_metric:N3_burst_loss:transmissions,6.466496387166026e-46
irrigation,N3_burst_loss,ET-PI_minus_TT-PI,total_modeled_energy_mj,50,-168.53940867067206,22.29685920605981,-174.87610594446528,-162.20271139687884,4.147911648891237e-45,-7.558885631069807,1.0,lower,True,network_metric:N3_burst_loss:total_modeled_energy_mj,8.295823297782474e-45
irrigation,N3_burst_loss,ET-PI_minus_TT-PI,command_applied_pct,50,-0.14091875291230424,0.9830646253282392,-0.4203026281796777,0.13846512235506916,0.3157470369383599,-0.14334637752350446,0.34,higher,True,network_metric:N3_burst_loss:command_applied_pct,0.46683999662689923
irrigation,N3_burst_loss,ET-PI_minus_TT-PI,deadline_miss_pct,50,0.0,0.0,0.0,0.0,,,0.0,lower,True,network_metric:N3_burst_loss:deadline_miss_pct,1.0
irrigation,N4_contention_duty,ET-MPC_minus_TT-MPC,nrmse,50,-2.7802071979994846e-05,0.0007376997083023824,-0.0002374540093796491,0.0001818498654196594,0.7909793520510942,-0.03768751928067566,0.4,lower,True,network_metric:N4_contention_duty:nrmse,1.0
irrigation,N4_contention_duty,ET-MPC_minus_TT-MPC,violation_pct,50,-0.0029761904761903325,0.12927547445162255,-0.03971587380806003,0.03376349285567936,0.8713527480921346,-0.023022081247932934,0.12,lower,True,network_metric:N4_contention_duty:violation_pct,1.0
irrigation,N4_contention_duty,ET-MPC_minus_TT-MPC,transmissions,50,-44.74,6.4295554802388475,-46.56725944971922,-42.91274055028079,2.2253948998982036e-43,-6.958490386700572,1.0,lower,True,network_metric:N4_contention_duty:transmissions,4.450789799796407e-43
irrigation,N4_contention_duty,ET-MPC_minus_TT-MPC,total_modeled_energy_mj,50,-206.45696000237658,31.11430620063502,-215.29954798552833,-197.61437201922482,2.179826576066755e-42,-6.635435116922611,1.0,lower,True,network_metric:N4_contention_duty:total_modeled_energy_mj,4.35965315213351e-42
irrigation,N4_contention_duty,ET-MPC_minus_TT-MPC,command_applied_pct,50,0.09381636852554749,0.8535335801957574,-0.14875519102609913,0.33638792807719414,0.4407662588232448,0.10991526367835552,0.48,higher,True,network_metric:N4_contention_duty:command_applied_pct,1.0
irrigation,N4_contention_duty,ET-MPC_minus_TT-MPC,deadline_miss_pct,50,0.0,0.0,0.0,0.0,,,0.0,lower,True,network_metric:N4_contention_duty:deadline_miss_pct,1.0
irrigation,N4_contention_duty,ET-PI_minus_TT-PI,nrmse,50,0.00028521746102937005,0.0027953443300761504,-0.0005092106076060895,0.0010796455296648295,0.4740414460154757,0.10203303326914298,0.54,lower,True,network_metric:N4_contention_duty:nrmse,1.0
irrigation,N4_contention_duty,ET-PI_minus_TT-PI,violation_pct,50,3.730349362740526e-16,0.5837385296660702,-0.1658966545627976,0.1658966545627983,0.9999999999999964,6.390445675865333e-16,0.32,lower,True,network_metric:N4_contention_duty:violation_pct,1.0
irrigation,N4_contention_duty,ET-PI_minus_TT-PI,transmissions,50,-45.18,6.766333224584971,-47.10297062566333,-43.25702937433667,1.6136330743814948e-42,-6.677176322892555,1.0,lower,True,network_metric:N4_contention_duty:transmissions,1.6136330743814948e-42
irrigation,N4_contention_duty,ET-PI_minus_TT-PI,total_modeled_energy_mj,50,-211.95422982317828,34.21990684561499,-221.67941974405886,-202.2290399022977,5.893027615847567e-41,-6.19388681504662,1.0,lower,True,network_metric:N4_contention_duty:total_modeled_energy_mj,5.893027615847567e-41
irrigation,N4_contention_duty,ET-PI_minus_TT-PI,command_applied_pct,50,0.01881627052702086,0.8479996522966763,-0.2221825641171668,0.25981510517120854,0.8759683925369308,0.022189007361099612,0.48,higher,True,network_metric:N4_contention_duty:command_applied_pct,1.0
irrigation,N4_contention_duty,ET-PI_minus_TT-PI,deadline_miss_pct,50,0.0,0.0,0.0,0.0,,,0.0,lower,True,network_metric:N4_contention_duty:deadline_miss_pct,1.0
irrigation,N5_full_stress,ET-MPC_minus_TT-MPC,nrmse,50,3.4915303318056036e-05,0.00019406157196596695,-2.0236385207230053e-05,9.006699184334213e-05,0.20930039803304093,0.17991868747811246,0.06,lower,True,network_metric:N5_full_stress:nrmse,0.6279011940991228
irrigation,N5_full_stress,ET-MPC_minus_TT-MPC,violation_pct,50,0.01785714285714283,0.07139819567919478,-0.0024339998429531336,0.03814828555723879,0.08319896692938383,0.2501063603536741,0.02,lower,True,network_metric:N5_full_stress:violation_pct,0.33279586771753533
irrigation,N5_full_stress,ET-MPC_minus_TT-MPC,transmissions,50,-22.74,5.539505614130163,-24.31431007653673,-21.165689923463265,1.57519771147127e-32,-4.105059473537645,1.0,lower,True,network_metric:N5_full_stress:transmissions,1.57519771147127e-32
irrigation,N5_full_stress,ET-MPC_minus_TT-MPC,total_modeled_energy_mj,50,-172.1023600024053,40.524460494994784,-183.61928424574376,-160.58543575906685,3.253105709649817e-33,-4.246876032406695,1.0,lower,True,network_metric:N5_full_stress:total_modeled_energy_mj,3.253105709649817e-33
irrigation,N5_full_stress,ET-MPC_minus_TT-MPC,command_applied_pct,50,0.04125817665012455,0.609294992200292,-0.1319015442024937,0.2144178975027428,0.6342003123198785,0.06771461636527262,0.54,higher,True,network_metric:N5_full_stress:command_applied_pct,1.0
irrigation,N5_full_stress,ET-MPC_minus_TT-MPC,deadline_miss_pct,50,0.0,0.0,0.0,0.0,,,0.0,lower,True,network_metric:N5_full_stress:deadline_miss_pct,1.0
irrigation,N5_full_stress,ET-PI_minus_TT-PI,nrmse,50,0.00033809378523393216,0.0014898287568863224,-8.531086270027288e-05,0.0007614984331681372,0.11499311554831028,0.22693466190069625,0.34,lower,True,network_metric:N5_full_stress:nrmse,0.4599724621932411
irrigation,N5_full_stress,ET-PI_minus_TT-PI,violation_pct,50,0.044642857142857935,0.2918692648330351,-0.03830547013854104,0.1275911844242569,0.28474453497575414,0.15295497855314108,0.18,lower,True,network_metric:N5_full_stress:violation_pct,0.8542336049272624
irrigation,N5_full_stress,ET-PI_minus_TT-PI,transmissions,50,-22.4,5.3375833406484015,-23.916924401358667,-20.88307559864133,5.655976540678091e-33,-4.196655784165963,1.0,lower,True,network_metric:N5_full_stress:transmissions,1.1311953081356182e-32
irrigation,N5_full_stress,ET-PI_minus_TT-PI,total_modeled_energy_mj,50,-169.42817596037418,38.76302162512895,-180.4445048157488,-158.41184710499957,8.511163320208749e-34,-4.370871228741848,1.0,lower,True,network_metric:N5_full_stress:total_modeled_energy_mj,1.7022326640417497e-33
irrigation,N5_full_stress,ET-PI_minus_TT-PI,command_applied_pct,50,0.06320965800236696,0.6057656305536149,-0.10894702936835841,0.2353663453730923,0.464129057556668,0.10434672225395003,0.58,higher,True,network_metric:N5_full_stress:command_applied_pct,1.0
irrigation,N5_full_stress,ET-PI_minus_TT-PI,deadline_miss_pct,50,0.0,0.0,0.0,0.0,,,0.0,lower,True,network_metric:N5_full_stress:deadline_miss_pct,1.0
