plant,network,policy,n_completed,nrmse_mean,nrmse_sd,nrmse_ci_low,nrmse_ci_high,violation_pct_mean,violation_pct_sd,violation_pct_ci_low,violation_pct_ci_high,transmissions_mean,transmissions_sd,transmissions_ci_low,transmissions_ci_high,total_modeled_energy_mj_mean,total_modeled_energy_mj_sd,total_modeled_energy_mj_ci_low,total_modeled_energy_mj_ci_high,command_applied_pct_mean,command_applied_pct_sd,command_applied_pct_ci_low,command_applied_pct_ci_high,deadline_miss_pct_mean,deadline_miss_pct_sd,deadline_miss_pct_ci_low,deadline_miss_pct_ci_high
greenhouse,N0_ideal,ET-MPC,50,0.3968716877129285,0.0016858601973152537,0.3963925715460461,0.3973508038798109,43.24652777777777,0.16912427699635274,43.19846319006742,43.29459236548812,74.94,1.5832026440872622,74.49005878693788,75.38994121306212,930.3603355393852,4.766835611041578,929.0056158480621,931.7150552307083,100.0,0.0,100.0,100.0,0.0,0.0,0.0,0.0
greenhouse,N0_ideal,ET-PI,50,0.5021113731405706,0.0006004641620487463,0.5019407231138785,0.5022820231672628,36.885416666666664,0.376477965336253,36.77842281275467,36.99241052057866,75.68,1.0774118648551316,75.37380293593439,75.98619706406562,2415.1630160933205,5.24645171632769,2413.67199101303,2416.654041173611,100.0,0.0,100.0,100.0,0.0,0.0,0.0,0.0
greenhouse,N0_ideal,TT-MPC,50,0.39733622669545376,0.0011660850200914865,0.39700482899950307,0.39766762439140446,43.263888888888886,0.15685901092105053,43.21931005122895,43.30846772654882,288.0,0.0,288.0,288.0,1484.4022118405974,1.4936928624542944,1483.9777090260116,1484.8267146551832,100.0,0.0,100.0,100.0,0.0,0.0,0.0,0.0
greenhouse,N0_ideal,TT-PI,50,0.5024946224528063,0.0005223743752972132,0.5023461652979553,0.5026430796076573,37.090277777777786,0.3171501460941626,37.00014470353781,37.18041085201776,288.0,0.0,288.0,288.0,2990.232593727596,2.721399027580173,2989.4591806814087,2991.006006773783,100.0,0.0,100.0,100.0,0.0,0.0,0.0,0.0
greenhouse,N1_nominal,ET-MPC,50,0.39763532949033403,0.0014333767463428487,0.3972279683262827,0.39804269065438536,43.19791666666666,0.1344328396117832,43.15971127637363,43.23612205695969,76.38,1.915458063189256,75.83563284160766,76.92436715839233,955.6228799993602,7.940110823445694,953.3663254710493,957.879434527671,97.82332943184481,1.7193192061487799,97.33470431986392,98.3119545438257,0.0,0.0,0.0,0.0
greenhouse,N1_nominal,ET-PI,50,0.5020262521539613,0.0005961887073511852,0.5018568171980501,0.5021956871098726,36.85069444444445,0.33239679114526566,36.75622832162409,36.94516056726481,76.74,1.6880129605847345,76.26027202456578,77.21972797543421,2440.489317209873,9.793999741585058,2437.705893280589,2443.2727411391575,97.90593800772571,1.654693546045964,97.43567930513036,98.37619671032105,0.0,0.0,0.0,0.0
greenhouse,N1_nominal,TT-MPC,50,0.39739819132771786,0.0012414485057039763,0.39704537556613695,0.3977510070892988,43.21527777777779,0.11548062228990912,43.18245854805231,43.248097007503276,288.0,0.0,288.0,288.0,1572.5327839974534,9.902270981231135,1569.718589722321,1575.3469782725858,97.71527777777779,0.8123116193423674,97.48442136987804,97.94613418567754,0.0,0.0,0.0,0.0
greenhouse,N1_nominal,TT-PI,50,0.5024177285528553,0.000491366346013742,0.5022780837824218,0.5025573733232888,36.954861111111114,0.2892549913465574,36.87265575213398,37.03706647008825,288.0,0.0,288.0,288.0,3078.475456264935,10.149098189097762,3075.591114473476,3081.359798056394,97.71527777777779,0.8123116193423674,97.48442136987804,97.94613418567754,0.0,0.0,0.0,0.0
greenhouse,N2_iid_loss,ET-MPC,50,0.39730559544647087,0.0015213943630893088,0.39687321995251196,0.3977379709404298,43.22569444444444,0.1770840280543049,43.175367720512895,43.27602116837599,82.84,3.171042447537029,81.93879970776649,83.74120029223351,1006.8568959992065,17.246254639137383,1001.955564661685,1011.7582273367279,86.78342813648507,4.175584441017447,85.59674016849102,87.97011610447912,0.0,0.0,0.0,0.0
greenhouse,N2_iid_loss,ET-PI,50,0.502054161855651,0.000567016599291869,0.5018930175211184,0.5022153061901836,36.81944444444444,0.37093093444126946,36.71402703927014,36.92486184961874,83.06,2.9582813543387947,82.21926574142526,83.90073425857474,2492.1228602932597,17.164274277349527,2487.244827516771,2497.0008930697486,87.15119493638163,3.559875165950828,86.13948960826106,88.1629002645022,0.0,0.0,0.0,0.0
greenhouse,N2_iid_loss,TT-MPC,50,0.39758593322658053,0.001300417788622476,0.3972163585802233,0.39795550787293776,43.22222222222223,0.19828865169947196,43.16586921092875,43.27857523351571,288.0,0.0,288.0,288.0,1684.979759997082,17.905378139191768,1679.8911078334618,1690.0684121607023,86.79861111111111,1.769783991706069,86.29564406576156,87.30157815646066,0.0,0.0,0.0,0.0
greenhouse,N2_iid_loss,TT-PI,50,0.5023380812123905,0.0004894227844835503,0.5021989887960323,0.5024771736287488,36.96180555555556,0.3765433147492317,36.85479312954589,37.068817981565225,288.0,0.0,288.0,288.0,3190.033567393389,17.444306389809693,3185.075950371101,3194.9911844156773,86.79861111111111,1.769783991706069,86.29564406576156,87.30157815646066,0.0,0.0,0.0,0.0
greenhouse,N3_burst_loss,ET-MPC,50,0.3974077063123116,0.002501475242700135,0.3966967949142358,0.39811861771038737,43.21875,0.14208517447819977,43.17836984020073,43.25913015979927,91.18,4.5296753949564055,89.89268049633702,92.46731950366299,1052.9061119989349,22.717859445294106,1046.4497677809884,1059.3624562168814,76.14114669022484,5.448553359994987,74.59268495831357,77.68960842213612,0.0,0.0,0.0,0.0
greenhouse,N3_burst_loss,ET-PI,50,0.5018377193609037,0.0005588172770349789,0.5016789052479736,0.5019965334738338,36.847222222222214,0.4053523354725087,36.732022363113074,36.962422081331354,91.46,4.036618103596836,90.31280582812063,92.60719417187936,2536.216896404652,24.137052270780636,2529.3572220483597,2543.076570760944,76.32762813053937,5.125174188091952,74.87106974241576,77.78418651866298,0.0,0.0,0.0,0.0
greenhouse,N3_burst_loss,TT-MPC,50,0.3971760086284805,0.0017815216376660388,0.3966697057810582,0.3976823114759028,43.215277777777786,0.13048557974172534,43.17819418632765,43.25236136922792,288.0,0.0,288.0,288.0,1730.0064239968183,24.7614390280414,1722.9693008874997,1737.0435471061369,77.89583333333333,2.726469524892734,77.12097926775388,78.67068739891278,0.0,0.0,0.0,0.0
greenhouse,N3_burst_loss,TT-PI,50,0.50209525830694,0.0004612624142533138,0.5019641689792509,0.5022263476346291,36.97916666666667,0.3454461378269878,36.8809919605531,37.077341372780246,288.0,0.0,288.0,288.0,3232.252050762588,24.636407743453102,3225.250461151188,3239.253640373988,77.89583333333333,2.726469524892734,77.12097926775388,78.67068739891278,0.0,0.0,0.0,0.0
greenhouse,N4_contention_duty,ET-MPC,50,0.3972273876982856,0.0020455888285046252,0.3966460377855874,0.3978087376109838,43.24652777777777,0.18642480627942604,43.19354643404676,43.299509121508784,94.88,4.108925079156646,93.71225641303613,96.04774358696386,1177.4015200013228,23.300380025101322,1170.7796252663334,1184.0234147363121,71.07061889588624,3.836066103719729,69.98042097173534,72.16081682003714,0.0,0.0,0.0,0.0
greenhouse,N4_contention_duty,ET-PI,50,0.5018589953757788,0.0006338788313991648,0.5016788490051298,0.5020391417464278,36.83680555555556,0.35195540965688876,36.736780934856355,36.93683017625476,95.32,4.6879785470011335,93.98769123831083,96.65230876168916,2652.707746215223,33.49198482086258,2643.189429444823,2662.226062985623,71.03348021613319,4.418065396834034,69.77787992297846,72.28908050928791,0.0,0.0,0.0,0.0
greenhouse,N4_contention_duty,TT-MPC,50,0.3974991500288111,0.0023905544940385904,0.39681976195871416,0.398178538098908,43.246527777777786,0.19918624013156033,43.18991967467438,43.30313588088119,288.0,0.0,288.0,288.0,2069.961440003839,42.62698706577239,2057.8469843204894,2082.0758956871887,70.90972222222223,2.4464877083185788,70.21443810850913,71.60500633593533,0.0,0.0,0.0,0.0
greenhouse,N4_contention_duty,TT-PI,50,0.5020002658816538,0.0005871244453973967,0.5018334069604872,0.5021671248028204,36.95138888888889,0.3407127928784611,36.854559384525665,37.04821839325212,288.0,0.0,288.0,288.0,3571.2447550429824,42.636206172526286,3559.127679318483,3583.361830767482,70.90972222222223,2.4464877083185788,70.21443810850913,71.60500633593533,0.0,0.0,0.0,0.0
greenhouse,N5_full_stress,ET-MPC,50,0.3995240819306039,0.010842287612687454,0.3964427378846978,0.40260542597651,42.37847222222223,1.5643688433232248,41.93388351611428,42.82306092833018,186.92,9.171473075103417,184.31349619179184,189.52650380820813,2137.691800004083,85.91869694789091,2113.2739765032015,2162.109623504964,18.39848815928333,2.791279087934851,17.605215419681254,19.191760898885402,0.0,0.0,0.0,0.0
greenhouse,N5_full_stress,ET-PI,50,0.4989367823416927,0.0034271979803911327,0.4979627834525042,0.4999107812308812,36.604166666666664,0.796250701818298,36.37787472102364,36.83045861230969,191.64,12.918520165456496,187.96859719131908,195.3114028086809,3641.730272424381,124.88847673921768,3606.237360047444,3677.223184801318,18.36997819111182,2.917838269527557,17.540737730066986,19.199218652156652,0.0,0.0,0.0,0.0
greenhouse,N5_full_stress,TT-MPC,50,0.39937146929886164,0.01158434448304667,0.3960792350238005,0.4026637035739228,42.42708333333334,1.62214136630455,41.96607585786004,42.888090808806645,288.0,0.0,288.0,288.0,2895.345000006478,51.8160027671706,2880.61905495569,2910.0709450572663,18.145833333333336,2.5105381478904283,17.432346286100803,18.85932038056587,0.0,0.0,0.0,0.0
greenhouse,N5_full_stress,TT-PI,50,0.4989172089362522,0.0036909679640161055,0.4978682474471433,0.49996617042536107,36.58680555555556,0.7810019447468826,36.36484725872244,36.80876385238867,288.0,0.0,288.0,288.0,4369.730997613156,67.54619852112624,4350.534580392762,4388.927414833551,18.145833333333336,2.5105381478904283,17.432346286100803,18.85932038056587,0.0,0.0,0.0,0.0
irrigation,N0_ideal,ET-MPC,50,0.3811788213860575,0.10453670747882318,0.351469817836699,0.41088782493541604,20.113095238095237,12.60922678105985,16.529592636685486,23.69659783950499,284.06,6.453633686157128,282.22589759987284,285.89410240012717,1536.8944216044401,136.06009802689502,1498.2265695867559,1575.5622736221244,100.0,0.0,100.0,100.0,0.0,0.0,0.0,0.0
irrigation,N0_ideal,ET-PI,50,0.4134894345626779,0.09523529749949011,0.3864238624811225,0.4405550066442333,24.74404761904762,12.687285703414307,21.138360917361346,28.349734320733894,283.96,6.901523049890022,281.99860885108995,285.92139114891,1511.3151231543127,168.64243438087846,1463.3874736001221,1559.2427727085033,100.0,0.0,100.0,100.0,0.0,0.0,0.0,0.0
irrigation,N0_ideal,TT-MPC,50,0.3811879959013831,0.10447731558016224,0.351495871342866,0.4108801204599002,20.110119047619047,12.586793821733876,16.5329918227092,23.687246272528895,336.0,0.0,336.0,336.0,1672.2465805079594,132.6837386034774,1634.5382792214336,1709.9548817944851,100.0,0.0,100.0,100.0,0.0,0.0,0.0,0.0
irrigation,N0_ideal,TT-PI,50,0.41346155007189217,0.09575752272136548,0.3862475632244192,0.4406755369193651,24.69642857142857,12.821185107227686,21.052688080225778,28.34016906263136,336.0,0.0,336.0,336.0,1649.6426930410619,167.4175417975549,1602.063154107372,1697.2222319747518,100.0,0.0,100.0,100.0,0.0,0.0,0.0,0.0
irrigation,N1_nominal,ET-MPC,50,0.389969582459305,0.10691091588820749,0.359585836345708,0.42035332857290203,21.651785714285715,12.420070254070207,18.12204080304291,25.18153062552852,282.76,6.641121124924493,280.8726142593302,284.6473857406698,1611.0567439903791,116.50980695547058,1577.9450232192198,1644.1684647615384,97.58052972448844,0.8214895612938555,97.34706497434617,97.81399447463072,0.0,0.0,0.0,0.0
irrigation,N1_nominal,ET-PI,50,0.4141011402843358,0.10521285445643465,0.3841999778900872,0.4440023026785844,25.33333333333334,12.92595884632206,21.659816474941398,29.00685019172528,282.5,6.399138972692868,280.6813848260805,284.3186151739195,1574.0653422406922,142.34900689317217,1533.6102020987128,1614.5204823826716,97.59984926486717,0.8307107301657898,97.3637638875275,97.83593464220685,0.0,0.0,0.0,0.0
irrigation,N1_nominal,TT-MPC,50,0.3899012895715373,0.10695788436868355,0.35950419516348153,0.42029838397959307,21.669642857142858,12.403198705876878,18.144692786843944,25.19459292744177,336.0,0.0,336.0,336.0,1765.686727988286,113.32094448125939,1733.481271904906,1797.8921840716662,97.625,0.7641005243245675,97.40784503370432,97.84215496629568,0.0,0.0,0.0,0.0
irrigation,N1_nominal,TT-PI,50,0.4144278473340263,0.1052251985613909,0.38452317678396525,0.4443325178840874,25.345238095238095,12.955220114051567,21.66340527656961,29.02707091390658,336.0,0.0,336.0,336.0,1733.0248560621342,144.28726079376682,1692.0188702564533,1774.030841867815,97.625,0.7641005243245675,97.40784503370432,97.84215496629568,0.0,0.0,0.0,0.0
irrigation,N2_iid_loss,ET-MPC,50,0.3813003279930824,0.10008812796723299,0.3528555967523406,0.4097450592338242,21.235119047619047,12.035326673002965,17.81471705228772,24.655521042950376,287.4,8.344618209434419,285.0284857445663,289.77151425543366,1716.2447199886215,112.29785600434964,1684.330022433273,1748.15941754397,86.16679538758957,1.8776888241151102,85.63316212817658,86.70042864700257,0.0,0.0,0.0,0.0
irrigation,N2_iid_loss,ET-PI,50,0.39373158414745896,0.10276640346731718,0.3645256954314419,0.422937472863476,23.03571428571429,12.523117131033631,19.476683776069827,26.59474479535875,287.64,8.001938540638966,285.36587422888033,289.91412577111964,1678.0720257333721,134.72092435404534,1639.7847626624743,1716.35928880427,86.15459022653678,1.85603134919366,85.62711195339445,86.68206849967912,0.0,0.0,0.0,0.0
irrigation,N2_iid_loss,TT-MPC,50,0.3812949620572901,0.10020778053502456,0.3528162259330299,0.40977369818155024,21.24404761904762,12.043483853120566,17.82132737877716,24.66676785931808,336.0,0.0,336.0,336.0,1877.7952879872973,114.68775681834335,1845.2013881356652,1910.3891878389295,86.33928571428572,1.7676544647948482,85.83692387378804,86.8416475547834,0.0,0.0,0.0,0.0
irrigation,N2_iid_loss,TT-PI,50,0.39385591188462526,0.10273864464659796,0.36465791213816895,0.4230539116310816,22.97023809523809,12.548488143972993,19.40399722349552,26.536478966980663,336.0,0.0,336.0,336.0,1841.7182257384131,138.5877532454126,1802.3320220558487,1881.1044294209776,86.33928571428572,1.7676544647948482,85.83692387378804,86.8416475547834,0.0,0.0,0.0,0.0
irrigation,N3_burst_loss,ET-MPC,50,0.3986737758590105,0.10627204369155313,0.36847159521476625,0.4288759565032547,22.71130952380953,12.73776067481131,19.091277993970987,26.33134105364807,288.22,6.322263867331326,286.42323248929017,290.0167675107099,1773.956351988415,116.71455526768848,1740.7864423907554,1807.1262615860746,78.0537032716825,2.825120953614123,77.25081278027027,78.85659376309472,0.0,0.0,0.0,0.0
irrigation,N3_burst_loss,ET-PI,50,0.4174680245992251,0.10610817446686092,0.38731241507335096,0.44762363412509926,25.324404761904763,13.870279606042006,21.382514913021073,29.266294610788453,287.98,6.025422332560124,286.26759392005266,289.6924060799474,1739.0165560893483,135.81255098092484,1700.419056163716,1777.6140560149806,78.07931934232579,2.9213569983010466,77.24907886962819,78.90955981502339,0.0,0.0,0.0,0.0
irrigation,N3_burst_loss,TT-MPC,50,0.3986015039094233,0.10634427553850136,0.36837879520140976,0.4288242126174368,22.711309523809522,12.768483980775265,19.082546527025592,26.340072520593452,336.0,0.0,336.0,336.0,1938.121071985156,107.72116830990089,1907.507054681156,1968.7350892891561,78.22023809523809,2.635841828162025,77.47114013609033,78.96933605438585,0.0,0.0,0.0,0.0
irrigation,N3_burst_loss,TT-PI,50,0.4173312248283545,0.10622799968490441,0.38714156135230327,0.44752088830440573,25.267857142857142,13.86471703807821,21.327548158297247,29.208166127417037,336.0,0.0,336.0,336.0,1907.5559647600205,134.62170600112137,1869.2968992330311,1945.81503028701,78.22023809523809,2.635841828162025,77.47114013609033,78.96933605438585,0.0,0.0,0.0,0.0
irrigation,N4_contention_duty,ET-MPC,50,0.3828630228673703,0.09586983991283533,0.35561711582726346,0.4101089299074771,19.979166666666668,12.108348266857687,16.538012163978543,23.420321169354793,291.26,6.4295554802388475,289.43274055028076,293.0872594497192,2147.6914400127534,149.47351781779935,2105.21153626905,2190.1713437564567,70.60572113043031,2.960417052324202,69.76437991320384,71.44706234765678,0.0,0.0,0.0,0.0
irrigation,N4_contention_duty,ET-PI,50,0.41381330520941345,0.08667568052533149,0.38918034935616175,0.43844626106266515,24.342261904761905,12.469162077171623,20.798565251763126,27.885958557760684,290.82,6.7663332245849706,288.8970293743367,292.7429706256633,2109.0049037823806,174.9931510236811,2059.272400528161,2158.7374070366,70.53072103243179,2.936375647853478,69.69621230675759,71.36522975810598,0.0,0.0,0.0,0.0
irrigation,N4_contention_duty,TT-MPC,50,0.38289082493935034,0.0957468049930955,0.35567988403654976,0.4101017658421509,19.982142857142854,12.122456853109059,16.5369787386066,23.42730697567911,336.0,0.0,336.0,336.0,2354.1484000151304,148.92383836700685,2311.8247134428725,2396.4720865873883,70.51190476190476,2.688231689315119,69.74791776895744,71.27589175485208,0.0,0.0,0.0,0.0
irrigation,N4_contention_duty,TT-PI,50,0.413528087748384,0.08717284899643123,0.38875383817899417,0.43830233731777385,24.342261904761898,12.57745803236499,20.76778788183426,27.916735927689537,336.0,0.0,336.0,336.0,2320.959133605559,175.27225514779133,2271.1473098369115,2370.770957374207,70.51190476190476,2.688231689315119,69.74791776895744,71.27589175485208,0.0,0.0,0.0,0.0
irrigation,N5_full_stress,ET-MPC,50,0.41974839630000255,0.1140648491340904,0.3873315248534992,0.4521652677465059,25.34226190476191,13.13711010734256,21.608736521953983,29.075787287569835,313.26,5.539505614130163,311.68568992346326,314.8343100765367,3191.0448000235797,147.7624544175568,3149.0511751177787,3233.0384249293807,18.779353414745362,1.9663967552757171,18.220509640238998,19.338197189251726,0.0,0.0,0.0,0.0
irrigation,N5_full_stress,ET-PI,50,0.45785423447460716,0.10013881323010797,0.4293950986415363,0.486313370307678,31.002976190476193,12.975233738612836,27.315455562640324,34.69049681831206,313.6,5.3375833406484015,312.08307559864136,315.1169244013587,3120.4521824948233,138.3250068351156,3081.140650515858,3159.7637144737887,18.801304896097605,1.9480941156642912,18.24766267421608,19.35494711797913,0.0,0.0,0.0,0.0
irrigation,N5_full_stress,TT-MPC,50,0.4197134809966845,0.11410869174236057,0.38728414961877405,0.4521428123745949,25.324404761904766,13.127042020994283,21.59374069757788,29.055068826231654,336.0,0.0,336.0,336.0,3363.1471600259856,127.89492946787558,3326.799823237367,3399.494496814604,18.738095238095237,1.9750602690335703,18.176789320221346,19.29940115596913,0.0,0.0,0.0,0.0
irrigation,N5_full_stress,TT-PI,50,0.45751614068937324,0.10026854499424709,0.4290201354968761,0.48601214588187036,30.95833333333334,12.946095552166076,27.279093686460484,34.637572980206194,336.0,0.0,336.0,336.0,3289.880358455198,123.59978254946458,3254.753688914684,3325.0070279957117,18.738095238095237,1.9750602690335703,18.176789320221346,19.29940115596913,0.0,0.0,0.0,0.0
